Date,DayOfMounth,Source,BookName,MySwordAbbreviations,BookShortName,FirstChapter,LastChapter,FirstVerse,LastVerse,BibleOnlineBookName
01-01,1,Ps 1,Ksi�ga Psalm�w,psa,Ps,1,0,1,0,Ksiega-Psalmow
01-01,1,Mt 1,Ewangelia �w. Mateusza,mat,Mt,1,0,1,0,Ewangelia-Mateusza
01-01,1,1Mo l-2,I Ksi�ga Moj�eszowa,gen,1Mo,1,2,1,0,1-Ksiega-Mojzeszowa
02-01,2,Ps 2,Ksi�ga Psalm�w,psa,Ps,2,0,1,0,Ksiega-Psalmow
02-01,2,Mt 2,Ewangelia �w. Mateusza,mat,Mt,2,0,1,0,Ewangelia-Mateusza
02-01,2,1Mo 3-4,I Ksi�ga Moj�eszowa,gen,1Mo,3,4,1,0,1-Ksiega-Mojzeszowa
03-01,3,Ps 3,Ksi�ga Psalm�w,psa,Ps,3,0,1,0,Ksiega-Psalmow
03-01,3,Mt 3,Ewangelia �w. Mateusza,mat,Mt,3,0,1,0,Ewangelia-Mateusza
03-01,3,1Mo 5-6,I Ksi�ga Moj�eszowa,gen,1Mo,5,6,1,0,1-Ksiega-Mojzeszowa
04-01,4,Ps 4,Ksi�ga Psalm�w,psa,Ps,4,0,1,0,Ksiega-Psalmow
04-01,4,Mt 4,Ewangelia �w. Mateusza,mat,Mt,4,0,1,0,Ewangelia-Mateusza
04-01,4,1Mo 7-8,I Ksi�ga Moj�eszowa,gen,1Mo,7,8,1,0,1-Ksiega-Mojzeszowa
05-01,5,Ps 5,Ksi�ga Psalm�w,psa,Ps,5,0,1,0,Ksiega-Psalmow
05-01,5,Mt 5,Ewangelia �w. Mateusza,mat,Mt,5,0,1,0,Ewangelia-Mateusza
05-01,5,1Mo 9-10,I Ksi�ga Moj�eszowa,gen,1Mo,9,10,1,0,1-Ksiega-Mojzeszowa
06-01,6,Ps 6,Ksi�ga Psalm�w,psa,Ps,6,0,1,0,Ksiega-Psalmow
06-01,6,Mt 6,Ewangelia �w. Mateusza,mat,Mt,6,0,1,0,Ewangelia-Mateusza
06-01,6,1Mo 11-12,I Ksi�ga Moj�eszowa,gen,1Mo,11,12,1,0,1-Ksiega-Mojzeszowa
07-01,7,Ps 7,Ksi�ga Psalm�w,psa,Ps,7,0,1,0,Ksiega-Psalmow
07-01,7,Mt 7,Ewangelia �w. Mateusza,mat,Mt,7,0,1,0,Ewangelia-Mateusza
07-01,7,1Mo 13-14,I Ksi�ga Moj�eszowa,gen,1Mo,13,14,1,0,1-Ksiega-Mojzeszowa
08-01,8,Ps 8,Ksi�ga Psalm�w,psa,Ps,8,0,1,0,Ksiega-Psalmow
08-01,8,Mt 8,Ewangelia �w. Mateusza,mat,Mt,8,0,1,0,Ewangelia-Mateusza
08-01,8,1Mo 15-16,I Ksi�ga Moj�eszowa,gen,1Mo,15,16,1,0,1-Ksiega-Mojzeszowa
09-01,9,Ps 9,Ksi�ga Psalm�w,psa,Ps,9,0,1,0,Ksiega-Psalmow
09-01,9,Mt 9,Ewangelia �w. Mateusza,mat,Mt,9,0,1,0,Ewangelia-Mateusza
09-01,9,1Mo 17-18,I Ksi�ga Moj�eszowa,gen,1Mo,17,18,1,0,1-Ksiega-Mojzeszowa
10-01,10,Ps 10,Ksi�ga Psalm�w,psa,Ps,10,0,1,0,Ksiega-Psalmow
10-01,10,Mt 10,Ewangelia �w. Mateusza,mat,Mt,10,0,1,0,Ewangelia-Mateusza
10-01,10,1Mo 19-20,I Ksi�ga Moj�eszowa,gen,1Mo,19,20,1,0,1-Ksiega-Mojzeszowa
11-01,11,Ps 11,Ksi�ga Psalm�w,psa,Ps,11,0,1,0,Ksiega-Psalmow
11-01,11,Mt 11,Ewangelia �w. Mateusza,mat,Mt,11,0,1,0,Ewangelia-Mateusza
11-01,11,1Mo 21-22,I Ksi�ga Moj�eszowa,gen,1Mo,21,22,1,0,1-Ksiega-Mojzeszowa
12-01,12,Ps 12,Ksi�ga Psalm�w,psa,Ps,12,0,1,0,Ksiega-Psalmow
12-01,12,Mt 12,Ewangelia �w. Mateusza,mat,Mt,12,0,1,0,Ewangelia-Mateusza
12-01,12,1Mo 23-24,I Ksi�ga Moj�eszowa,gen,1Mo,23,24,1,0,1-Ksiega-Mojzeszowa
13-01,13,Ps 13,Ksi�ga Psalm�w,psa,Ps,13,0,1,0,Ksiega-Psalmow
13-01,13,Mt 13,Ewangelia �w. Mateusza,mat,Mt,13,0,1,0,Ewangelia-Mateusza
13-01,13,1Mo 25-26,I Ksi�ga Moj�eszowa,gen,1Mo,25,26,1,0,1-Ksiega-Mojzeszowa
14-01,14,Ps 14,Ksi�ga Psalm�w,psa,Ps,14,0,1,0,Ksiega-Psalmow
14-01,14,Mt 14,Ewangelia �w. Mateusza,mat,Mt,14,0,1,0,Ewangelia-Mateusza
14-01,14,1Mo 27-28,I Ksi�ga Moj�eszowa,gen,1Mo,27,28,1,0,1-Ksiega-Mojzeszowa
15-01,15,Ps 15,Ksi�ga Psalm�w,psa,Ps,15,0,1,0,Ksiega-Psalmow
15-01,15,Mt 15,Ewangelia �w. Mateusza,mat,Mt,15,0,1,0,Ewangelia-Mateusza
15-01,15,1Mo 29-30,I Ksi�ga Moj�eszowa,gen,1Mo,29,30,1,0,1-Ksiega-Mojzeszowa
16-01,16,Ps 16,Ksi�ga Psalm�w,psa,Ps,16,0,1,0,Ksiega-Psalmow
16-01,16,Mt 16,Ewangelia �w. Mateusza,mat,Mt,16,0,1,0,Ewangelia-Mateusza
16-01,16,1Mo 31-32,I Ksi�ga Moj�eszowa,gen,1Mo,31,32,1,0,1-Ksiega-Mojzeszowa
17-01,17,Ps 17,Ksi�ga Psalm�w,psa,Ps,17,0,1,0,Ksiega-Psalmow
17-01,17,Mt 17,Ewangelia �w. Mateusza,mat,Mt,17,0,1,0,Ewangelia-Mateusza
17-01,17,1Mo 33-34,I Ksi�ga Moj�eszowa,gen,1Mo,33,34,1,0,1-Ksiega-Mojzeszowa
18-01,18,Ps 18,Ksi�ga Psalm�w,psa,Ps,18,0,1,0,Ksiega-Psalmow
18-01,18,Mt 18,Ewangelia �w. Mateusza,mat,Mt,18,0,1,0,Ewangelia-Mateusza
18-01,18,1Mo 35-36,I Ksi�ga Moj�eszowa,gen,1Mo,35,36,1,0,1-Ksiega-Mojzeszowa
19-01,19,Ps 19,Ksi�ga Psalm�w,psa,Ps,19,0,1,0,Ksiega-Psalmow
19-01,19,Mt 19,Ewangelia �w. Mateusza,mat,Mt,19,0,1,0,Ewangelia-Mateusza
19-01,19,1Mo 37-38,I Ksi�ga Moj�eszowa,gen,1Mo,37,38,1,0,1-Ksiega-Mojzeszowa
20-01,20,Ps 20,Ksi�ga Psalm�w,psa,Ps,20,0,1,0,Ksiega-Psalmow
20-01,20,Mt 20,Ewangelia �w. Mateusza,mat,Mt,20,0,1,0,Ewangelia-Mateusza
20-01,20,1lMo 39-40,I Ksi�ga Moj�eszowa,gen,1Mo,39,40,1,0,1-Ksiega-Mojzeszowa
21-01,21,Ps 21,Ksi�ga Psalm�w,psa,Ps,21,0,1,0,Ksiega-Psalmow
21-01,21,Mt 21,Ewangelia �w. Mateusza,mat,Mt,21,0,1,0,Ewangelia-Mateusza
21-01,21,1Mo 41-42,I Ksi�ga Moj�eszowa,gen,1Mo,41,42,1,0,1-Ksiega-Mojzeszowa
22-01,22,Ps 22,Ksi�ga Psalm�w,psa,Ps,22,0,1,0,Ksiega-Psalmow
22-01,22,Mt 22,Ewangelia �w. Mateusza,mat,Mt,22,0,1,0,Ewangelia-Mateusza
22-01,22,1Mo 43-44,I Ksi�ga Moj�eszowa,gen,1Mo,43,44,1,0,1-Ksiega-Mojzeszowa
23-01,23,Ps 23,Ksi�ga Psalm�w,psa,Ps,23,0,1,0,Ksiega-Psalmow
23-01,23,Mt 23,Ewangelia �w. Mateusza,mat,Mt,23,0,1,0,Ewangelia-Mateusza
23-01,23,1Mo 45-46,I Ksi�ga Moj�eszowa,gen,1Mo,45,46,1,0,1-Ksiega-Mojzeszowa
24-01,24,Ps 24,Ksi�ga Psalm�w,psa,Ps,24,0,1,0,Ksiega-Psalmow
24-01,24,Mt 24,Ewangelia �w. Mateusza,mat,Mt,24,0,1,0,Ewangelia-Mateusza
24-01,24,1Mo 47-48,I Ksi�ga Moj�eszowa,gen,1Mo,47,48,1,0,1-Ksiega-Mojzeszowa
25-01,25,Ps 25,Ksi�ga Psalm�w,psa,Ps,25,0,1,0,Ksiega-Psalmow
25-01,25,Mt 25,Ewangelia �w. Mateusza,mat,Mt,25,0,1,0,Ewangelia-Mateusza
25-01,25,1Mo 49-50,I Ksi�ga Moj�eszowa,gen,1Mo,49,50,1,0,1-Ksiega-Mojzeszowa
26-01,26,Ps 26,Ksi�ga Psalm�w,psa,Ps,26,0,1,0,Ksiega-Psalmow
26-01,26,Mt 26,Ewangelia �w. Mateusza,mat,Mt,26,0,1,0,Ewangelia-Mateusza
26-01,26,2Mo l-2,II Ksi�ga Moj�eszowa,exo,2Mo,1,2,1,0,2-Ksiega-Mojzeszowa
27-01,27,Ps 27,Ksi�ga Psalm�w,psa,Ps,27,0,1,0,Ksiega-Psalmow
27-01,27,Mt 27,Ewangelia �w. Mateusza,mat,Mt,27,0,1,0,Ewangelia-Mateusza
27-01,27,2Mo 3-4,II Ksi�ga Moj�eszowa,exo,2Mo,3,4,1,0,2-Ksiega-Mojzeszowa
28-01,28,Ps 28,Ksi�ga Psalm�w,psa,Ps,28,0,1,0,Ksiega-Psalmow
28-01,28,Mt 28,Ewangelia �w. Mateusza,mat,Mt,28,0,1,0,Ewangelia-Mateusza
28-01,28,2Mo 5-6,II Ksi�ga Moj�eszowa,exo,2Mo,5,6,1,0,2-Ksiega-Mojzeszowa
29-01,29,Ps 29,Ksi�ga Psalm�w,psa,Ps,29,0,1,0,Ksiega-Psalmow
29-01,29,Dz 1,Dzieje Apostolskie,act,Dz,1,0,1,0,Dzieje-Apostolskie
29-01,29,2Mo 7-8,II Ksi�ga Moj�eszowa,exo,2Mo,7,8,1,0,2-Ksiega-Mojzeszowa
30-01,30,Ps 30,Ksi�ga Psalm�w,psa,Ps,30,0,1,0,Ksiega-Psalmow
30-01,30,Dz 2,Dzieje Apostolskie,act,Dz,2,0,1,0,Dzieje-Apostolskie
30-01,30,2Mo 9-10,II Ksi�ga Moj�eszowa,exo,2Mo,9,10,1,0,2-Ksiega-Mojzeszowa
31-01,31,Ps 31,Ksi�ga Psalm�w,psa,Ps,31,0,1,0,Ksiega-Psalmow
31-01,31,Dz 3,Dzieje Apostolskie,act,Dz,3,0,1,0,Dzieje-Apostolskie
31-01,31,2Mo 11-12,II Ksi�ga Moj�eszowa,exo,2Mo,11,12,1,0,2-Ksiega-Mojzeszowa
01-02,1,Ps 32,Ksi�ga Psalm�w,psa,Ps,32,0,1,0,Ksiega-Psalmow
01-02,1,Dz 4,Dzieje Apostolskie,act,Dz,4,0,1,0,Dzieje-Apostolskie
01-02,1,2Mo 13-14,II Ksi�ga Moj�eszowa,exo,2Mo,13,14,1,0,2-Ksiega-Mojzeszowa
02-02,2,Ps 33,Ksi�ga Psalm�w,psa,Ps,33,0,1,0,Ksiega-Psalmow
02-02,2,Dz 5,Dzieje Apostolskie,act,Dz,5,0,1,0,Dzieje-Apostolskie
02-02,2,2Mo l5-l6,II Ksi�ga Moj�eszowa,exo,2Mo,15,16,1,0,2-Ksiega-Mojzeszowa
03-02,3,Ps 34,Ksi�ga Psalm�w,psa,Ps,34,0,1,0,Ksiega-Psalmow
03-02,3,Dz 6,Dzieje Apostolskie,act,Dz,6,0,1,0,Dzieje-Apostolskie
03-02,3,2Mo 17-18,II Ksi�ga Moj�eszowa,exo,2Mo,17,18,1,0,2-Ksiega-Mojzeszowa
04-02,4,Ps 35,Ksi�ga Psalm�w,psa,Ps,35,0,1,0,Ksiega-Psalmow
04-02,4,Dz 7,Dzieje Apostolskie,act,Dz,7,0,1,0,Dzieje-Apostolskie
04-02,4,2Mo l9-20,II Ksi�ga Moj�eszowa,exo,2Mo,19,20,1,0,2-Ksiega-Mojzeszowa
05-02,5,Ps 36,Ksi�ga Psalm�w,psa,Ps,36,0,1,0,Ksiega-Psalmow
05-02,5,Dz 8,Dzieje Apostolskie,act,Dz,8,0,1,0,Dzieje-Apostolskie
05-02,5,2Mo 21-22,II Ksi�ga Moj�eszowa,exo,2Mo,21,22,1,0,2-Ksiega-Mojzeszowa
06-02,6,Ps 37,Ksi�ga Psalm�w,psa,Ps,37,0,1,0,Ksiega-Psalmow
06-02,6,Dz 9,Dzieje Apostolskie,act,Dz,9,0,1,0,Dzieje-Apostolskie
06-02,6,2Mo 23-24,II Ksi�ga Moj�eszowa,exo,2Mo,23,24,1,0,2-Ksiega-Mojzeszowa
07-02,7,Ps 38,Ksi�ga Psalm�w,psa,Ps,38,0,1,0,Ksiega-Psalmow
07-02,7,Dz 10,Dzieje Apostolskie,act,Dz,10,0,1,0,Dzieje-Apostolskie
07-02,7,2Mo 25-26,II Ksi�ga Moj�eszowa,exo,2Mo,25,26,1,0,2-Ksiega-Mojzeszowa
08-02,8,Ps 39,Ksi�ga Psalm�w,psa,Ps,39,0,1,0,Ksiega-Psalmow
08-02,8,Dz 11,Dzieje Apostolskie,act,Dz,11,0,1,0,Dzieje-Apostolskie
08-02,8,2Mo 27-28,II Ksi�ga Moj�eszowa,exo,2Mo,27,28,1,0,2-Ksiega-Mojzeszowa
09-02,9,Ps 40,Ksi�ga Psalm�w,psa,Ps,40,0,1,0,Ksiega-Psalmow
09-02,9,Dz 12,Dzieje Apostolskie,act,Dz,12,0,1,0,Dzieje-Apostolskie
09-02,9,2Mo 29-30,II Ksi�ga Moj�eszowa,exo,2Mo,29,30,1,0,2-Ksiega-Mojzeszowa
10-02,10,Ps 41,Ksi�ga Psalm�w,psa,Ps,41,0,1,0,Ksiega-Psalmow
10-02,10,Dz 13,Dzieje Apostolskie,act,Dz,13,0,1,0,Dzieje-Apostolskie
10-02,10,2Mo 31-32,II Ksi�ga Moj�eszowa,exo,2Mo,31,32,1,0,2-Ksiega-Mojzeszowa
11-02,11,Ps 42,Ksi�ga Psalm�w,psa,Ps,42,0,1,0,Ksiega-Psalmow
11-02,11,Dz 14,Dzieje Apostolskie,act,Dz,14,0,1,0,Dzieje-Apostolskie
11-02,11,2Mo 33-34,II Ksi�ga Moj�eszowa,exo,2Mo,33,34,1,0,2-Ksiega-Mojzeszowa
12-02,12,Ps 43,Ksi�ga Psalm�w,psa,Ps,43,0,1,0,Ksiega-Psalmow
12-02,12,Dz 15,Dzieje Apostolskie,act,Dz,15,0,1,0,Dzieje-Apostolskie
12-02,12,2Mo 35-36,II Ksi�ga Moj�eszowa,exo,2Mo,35,36,1,0,2-Ksiega-Mojzeszowa
13-02,13,Ps 44,Ksi�ga Psalm�w,psa,Ps,44,0,1,0,Ksiega-Psalmow
13-02,13,Dz 16,Dzieje Apostolskie,act,Dz,16,0,1,0,Dzieje-Apostolskie
13-02,13,2Mo 37-38,II Ksi�ga Moj�eszowa,exo,2Mo,37,38,1,0,2-Ksiega-Mojzeszowa
14-02,14,Ps 45,Ksi�ga Psalm�w,psa,Ps,45,0,1,0,Ksiega-Psalmow
14-02,14,Dz 17,Dzieje Apostolskie,act,Dz,17,0,1,0,Dzieje-Apostolskie
14-02,14,2Mo 39-40,II Ksi�ga Moj�eszowa,exo,2Mo,39,40,1,0,2-Ksiega-Mojzeszowa
15-02,15,Ps 46,Ksi�ga Psalm�w,psa,Ps,46,0,1,0,Ksiega-Psalmow
15-02,15,Dz 18,Dzieje Apostolskie,act,Dz,18,0,1,0,Dzieje-Apostolskie
15-02,15,3Mo 1-3,III Ksi�ga Moj�eszowa,lev,3Mo,1,3,1,0,3-Ksiega-Mojzeszowa
16-02,16,Ps 47,Ksi�ga Psalm�w,psa,Ps,47,0,1,0,Ksiega-Psalmow
16-02,16,Dz 19,Dzieje Apostolskie,act,Dz,19,0,1,0,Dzieje-Apostolskie
16-02,16,3Mo 4-5,III Ksi�ga Moj�eszowa,lev,3Mo,4,5,1,0,3-Ksiega-Mojzeszowa
17-02,17,Ps 48,Ksi�ga Psalm�w,psa,Ps,48,0,1,0,Ksiega-Psalmow
17-02,17,Dz 20,Dzieje Apostolskie,act,Dz,20,0,1,0,Dzieje-Apostolskie
17-02,17,3Mo 6-7,III Ksi�ga Moj�eszowa,lev,3Mo,6,7,1,0,3-Ksiega-Mojzeszowa
18-02,18,Ps 49,Ksi�ga Psalm�w,psa,Ps,49,0,1,0,Ksiega-Psalmow
18-02,18,Dz 21,Dzieje Apostolskie,act,Dz,21,0,1,0,Dzieje-Apostolskie
18-02,18,3Mo 8-9,III Ksi�ga Moj�eszowa,lev,3Mo,8,9,1,0,3-Ksiega-Mojzeszowa
19-02,19,Ps 50,Ksi�ga Psalm�w,psa,Ps,50,0,1,0,Ksiega-Psalmow
19-02,19,Dz 22,Dzieje Apostolskie,act,Dz,22,0,1,0,Dzieje-Apostolskie
19-02,19,3Mo 10-11,III Ksi�ga Moj�eszowa,lev,3Mo,10,11,1,0,3-Ksiega-Mojzeszowa
20-02,20,Ps 51,Ksi�ga Psalm�w,psa,Ps,51,0,1,0,Ksiega-Psalmow
20-02,20,Dz 23,Dzieje Apostolskie,act,Dz,23,0,1,0,Dzieje-Apostolskie
20-02,20,3Mo 12-13,III Ksi�ga Moj�eszowa,lev,3Mo,12,13,1,0,3-Ksiega-Mojzeszowa
21-02,21,Ps 52,Ksi�ga Psalm�w,psa,Ps,52,0,1,0,Ksiega-Psalmow
21-02,21,Dz 24,Dzieje Apostolskie,act,Dz,24,0,1,0,Dzieje-Apostolskie
21-02,21,3Mo 14-15,III Ksi�ga Moj�eszowa,lev,3Mo,14,15,1,0,3-Ksiega-Mojzeszowa
22-02,22,Ps 53,Ksi�ga Psalm�w,psa,Ps,53,0,1,0,Ksiega-Psalmow
22-02,22,Dz 25,Dzieje Apostolskie,act,Dz,25,0,1,0,Dzieje-Apostolskie
22-02,22,3Mo 16-17,III Ksi�ga Moj�eszowa,lev,3Mo,16,17,1,0,3-Ksiega-Mojzeszowa
23-02,23,Ps 54,Ksi�ga Psalm�w,psa,Ps,54,0,1,0,Ksiega-Psalmow
23-02,23,Dz 26,Dzieje Apostolskie,act,Dz,26,0,1,0,Dzieje-Apostolskie
23-02,23,3Mo 18-19,III Ksi�ga Moj�eszowa,lev,3Mo,18,19,1,0,3-Ksiega-Mojzeszowa
24-02,24,Ps 55,Ksi�ga Psalm�w,psa,Ps,55,0,1,0,Ksiega-Psalmow
24-02,24,Dz 27,Dzieje Apostolskie,act,Dz,27,0,1,0,Dzieje-Apostolskie
24-02,24,3Mo 20-21,III Ksi�ga Moj�eszowa,lev,3Mo,20,21,1,0,3-Ksiega-Mojzeszowa
25-02,25,Ps 56,Ksi�ga Psalm�w,psa,Ps,56,0,1,0,Ksiega-Psalmow
25-02,25,Dz 28,Dzieje Apostolskie,act,Dz,28,0,1,0,Dzieje-Apostolskie
25-02,25,3Mo 22-23,III Ksi�ga Moj�eszowa,lev,3Mo,22,23,1,0,3-Ksiega-Mojzeszowa
26-02,26,Ps 57,Ksi�ga Psalm�w,psa,Ps,57,0,1,0,Ksiega-Psalmow
26-02,26,Mk 1,Ewangelia �w. Marka,mar,Mk,1,0,1,0,Ewangelia-Marka
26-02,26,3Mo 24-25,III Ksi�ga Moj�eszowa,lev,3Mo,24,25,1,0,3-Ksiega-Mojzeszowa
27-02,27,Ps 58,Ksi�ga Psalm�w,psa,Ps,58,0,1,0,Ksiega-Psalmow
27-02,27,Mk 2,Ewangelia �w. Marka,mar,Mk,2,0,1,0,Ewangelia-Marka
27-02,27,3Mo 26-27,III Ksi�ga Moj�eszowa,lev,3Mo,26,27,1,0,3-Ksiega-Mojzeszowa
28-02,28,Ps 59,Ksi�ga Psalm�w,psa,Ps,59,0,1,0,Ksiega-Psalmow
28-02,28,Mk 3,Ewangelia �w. Marka,mar,Mk,3,0,1,0,Ewangelia-Marka
28-02,28,4Mo 1-2,IV Ksi�ga Moj�eszowa,num,4Mo,1,2,1,0,4-Ksiega-Mojzeszowa
01-03,1,Ps 60,Ksi�ga Psalm�w,psa,Ps,60,0,1,0,Ksiega-Psalmow
01-03,1,Mk 4,Ewangelia �w. Marka,mar,Mk,4,0,1,0,Ewangelia-Marka
01-03,1,4Mo 3-4,IV Ksi�ga Moj�eszowa,num,4Mo,3,4,1,0,4-Ksiega-Mojzeszowa
02-03,2,Ps 61,Ksi�ga Psalm�w,psa,Ps,61,0,1,0,Ksiega-Psalmow
02-03,2,Mk 5,Ewangelia �w. Marka,mar,Mk,5,0,1,0,Ewangelia-Marka
02-03,2,4Mo 5-6,IV Ksi�ga Moj�eszowa,num,4Mo,5,6,1,0,4-Ksiega-Mojzeszowa
03-03,3,Ps 62,Ksi�ga Psalm�w,psa,Ps,62,0,1,0,Ksiega-Psalmow
03-03,3,Mk 6,Ewangelia �w. Marka,mar,Mk,6,0,1,0,Ewangelia-Marka
03-03,3,4Mo 7-8,IV Ksi�ga Moj�eszowa,num,4Mo,7,8,1,0,4-Ksiega-Mojzeszowa
04-03,4,Ps 63,Ksi�ga Psalm�w,psa,Ps,63,0,1,0,Ksiega-Psalmow
04-03,4,Mk 7,Ewangelia �w. Marka,mar,Mk,7,0,1,0,Ewangelia-Marka
04-03,4,4Mo 9-10,IV Ksi�ga Moj�eszowa,num,4Mo,9,10,1,0,4-Ksiega-Mojzeszowa
05-03,5,Ps 64,Ksi�ga Psalm�w,psa,Ps,64,0,1,0,Ksiega-Psalmow
05-03,5,Mk 8,Ewangelia �w. Marka,mar,Mk,8,0,1,0,Ewangelia-Marka
05-03,5,4Mo 11-12,IV Ksi�ga Moj�eszowa,num,4Mo,11,12,1,0,4-Ksiega-Mojzeszowa
06-03,6,Ps 65,Ksi�ga Psalm�w,psa,Ps,65,0,1,0,Ksiega-Psalmow
06-03,6,Mk 9,Ewangelia �w. Marka,mar,Mk,9,0,1,0,Ewangelia-Marka
06-03,6,4Mo 13-14,IV Ksi�ga Moj�eszowa,num,4Mo,13,14,1,0,4-Ksiega-Mojzeszowa
07-03,7,Ps 66,Ksi�ga Psalm�w,psa,Ps,66,0,1,0,Ksiega-Psalmow
07-03,7,Mk 10,Ewangelia �w. Marka,mar,Mk,10,0,1,0,Ewangelia-Marka
07-03,7,4Mo 15-16,IV Ksi�ga Moj�eszowa,num,4Mo,15,16,1,0,4-Ksiega-Mojzeszowa
08-03,8,Ps 67,Ksi�ga Psalm�w,psa,Ps,67,0,1,0,Ksiega-Psalmow
08-03,8,Mk 11,Ewangelia �w. Marka,mar,Mk,11,0,1,0,Ewangelia-Marka
08-03,8,4Mo 17-18,IV Ksi�ga Moj�eszowa,num,4Mo,17,18,1,0,4-Ksiega-Mojzeszowa
09-03,9,Ps 68,Ksi�ga Psalm�w,psa,Ps,68,0,1,0,Ksiega-Psalmow
09-03,9,Mk 12,Ewangelia �w. Marka,mar,Mk,12,0,1,0,Ewangelia-Marka
09-03,9,4Mo 19-20,IV Ksi�ga Moj�eszowa,num,4Mo,19,20,1,0,4-Ksiega-Mojzeszowa
10-03,10,Ps 69,Ksi�ga Psalm�w,psa,Ps,69,0,1,0,Ksiega-Psalmow
10-03,10,Mk 13,Ewangelia �w. Marka,mar,Mk,13,0,1,0,Ewangelia-Marka
10-03,10,4Mo 21-22,IV Ksi�ga Moj�eszowa,num,4Mo,21,22,1,0,4-Ksiega-Mojzeszowa
11-03,11,Ps 70,Ksi�ga Psalm�w,psa,Ps,70,0,1,0,Ksiega-Psalmow
11-03,11,Mk 14,Ewangelia �w. Marka,mar,Mk,14,0,1,0,Ewangelia-Marka
11-03,11,4Mo 23-24,IV Ksi�ga Moj�eszowa,num,4Mo,23,24,1,0,4-Ksiega-Mojzeszowa
12-03,12,Ps 71,Ksi�ga Psalm�w,psa,Ps,71,0,1,0,Ksiega-Psalmow
12-03,12,Mk 15,Ewangelia �w. Marka,mar,Mk,15,0,1,0,Ewangelia-Marka
12-03,12,4Mo 25-26,IV Ksi�ga Moj�eszowa,num,4Mo,25,26,1,0,4-Ksiega-Mojzeszowa
13-03,13,Ps 72,Ksi�ga Psalm�w,psa,Ps,72,0,1,0,Ksiega-Psalmow
13-03,13,Mk 16,Ewangelia �w. Marka,mar,Mk,16,0,1,0,Ewangelia-Marka
13-03,13,4Mo 27-28,IV Ksi�ga Moj�eszowa,num,4Mo,27,28,1,0,4-Ksiega-Mojzeszowa
14-03,14,Ps 73,Ksi�ga Psalm�w,psa,Ps,73,0,1,0,Ksiega-Psalmow
14-03,14,Rz 1,List �w. Paw�a do Rzymian,rom,Rz,1,0,1,0,List-do-Rzymian
14-03,14,4Mo 29-30,IV Ksi�ga Moj�eszowa,num,4Mo,29,30,1,0,4-Ksiega-Mojzeszowa
15-03,15,Ps 74,Ksi�ga Psalm�w,psa,Ps,74,0,1,0,Ksiega-Psalmow
15-03,15,Rz 2,List �w. Paw�a do Rzymian,rom,Rz,2,0,1,0,List-do-Rzymian
15-03,15,4Mo 31-32,IV Ksi�ga Moj�eszowa,num,4Mo,31,32,1,0,4-Ksiega-Mojzeszowa
16-03,16,Ps 75,Ksi�ga Psalm�w,psa,Ps,75,0,1,0,Ksiega-Psalmow
16-03,16,Rz 3,List �w. Paw�a do Rzymian,rom,Rz,3,0,1,0,List-do-Rzymian
16-03,16,4Mo 33-34,IV Ksi�ga Moj�eszowa,num,4Mo,33,34,1,0,4-Ksiega-Mojzeszowa
17-03,17,Ps 76,Ksi�ga Psalm�w,psa,Ps,76,0,1,0,Ksiega-Psalmow
17-03,17,Rz 4,List �w. Paw�a do Rzymian,rom,Rz,4,0,1,0,List-do-Rzymian
17-03,17,4Mo 35-36,IV Ksi�ga Moj�eszowa,num,4Mo,35,36,1,0,4-Ksiega-Mojzeszowa
18-03,18,Ps 77,Ksi�ga Psalm�w,psa,Ps,77,0,1,0,Ksiega-Psalmow
18-03,18,Rz 5,List �w. Paw�a do Rzymian,rom,Rz,5,0,1,0,List-do-Rzymian
18-03,18,5Mo 1-2,V Ksi�ga Moj�eszowa,deuteronomy,5Mo,1,2,1,0,5-Ksiega-Mojzeszowa
19-03,19,Ps 78,Ksi�ga Psalm�w,psa,Ps,78,0,1,0,Ksiega-Psalmow
19-03,19,Rz 6,List �w. Paw�a do Rzymian,rom,Rz,6,0,1,0,List-do-Rzymian
19-03,19,5Mo 3-4,V Ksi�ga Moj�eszowa,deuteronomy,5Mo,3,4,1,0,5-Ksiega-Mojzeszowa
20-03,20,Ps 79,Ksi�ga Psalm�w,psa,Ps,79,0,1,0,Ksiega-Psalmow
20-03,20,Rz 7,List �w. Paw�a do Rzymian,rom,Rz,7,0,1,0,List-do-Rzymian
20-03,20,5Mo 5-6,V Ksi�ga Moj�eszowa,deuteronomy,5Mo,5,6,1,0,5-Ksiega-Mojzeszowa
21-03,21,Ps 80,Ksi�ga Psalm�w,psa,Ps,80,0,1,0,Ksiega-Psalmow
21-03,21,Ps 81,Ksi�ga Psalm�w,psa,Ps,81,0,1,0,Ksiega-Psalmow
21-03,21,Rz 8,List �w. Paw�a do Rzymian,rom,Rz,8,0,1,0,List-do-Rzymian
22-03,22,Rz 9,List �w. Paw�a do Rzymian,rom,Rz,9,0,1,0,List-do-Rzymian
22-03,22,5Mo 7-8,V Ksi�ga Moj�eszowa,deuteronomy,5Mo,7,8,1,0,5-Ksiega-Mojzeszowa
22-03,22,5Mo 9-10,V Ksi�ga Moj�eszowa,deuteronomy,5Mo,9,10,1,0,5-Ksiega-Mojzeszowa
23-03,23,Ps 82,Ksi�ga Psalm�w,psa,Ps,82,0,1,0,Ksiega-Psalmow
23-03,23,Rz 10,List �w. Paw�a do Rzymian,rom,Rz,10,0,1,0,List-do-Rzymian
23-03,23,5Mo 11-12,V Ksi�ga Moj�eszowa,deuteronomy,5Mo,11,12,1,0,5-Ksiega-Mojzeszowa
24-03,24,Ps 83,Ksi�ga Psalm�w,psa,Ps,83,0,1,0,Ksiega-Psalmow
24-03,24,Rz 11,List �w. Paw�a do Rzymian,rom,Rz,11,0,1,0,List-do-Rzymian
24-03,24,5Mo 13-14,V Ksi�ga Moj�eszowa,deuteronomy,5Mo,13,14,1,0,5-Ksiega-Mojzeszowa
25-03,25,Ps 84,Ksi�ga Psalm�w,psa,Ps,84,0,1,0,Ksiega-Psalmow
25-03,25,Rz 12,List �w. Paw�a do Rzymian,rom,Rz,12,0,1,0,List-do-Rzymian
25-03,25,5Mo 15-16,V Ksi�ga Moj�eszowa,deuteronomy,5Mo,15,16,1,0,5-Ksiega-Mojzeszowa
26-03,26,Ps 85,Ksi�ga Psalm�w,psa,Ps,85,0,1,0,Ksiega-Psalmow
26-03,26,Rz 13,List �w. Paw�a do Rzymian,rom,Rz,13,0,1,0,List-do-Rzymian
26-03,26,5Mo 17-18,V Ksi�ga Moj�eszowa,deuteronomy,5Mo,17,18,1,0,5-Ksiega-Mojzeszowa
27-03,27,Ps 86,Ksi�ga Psalm�w,psa,Ps,86,0,1,0,Ksiega-Psalmow
27-03,27,Rz 14,List �w. Paw�a do Rzymian,rom,Rz,14,0,1,0,List-do-Rzymian
27-03,27,5Mo 19-20,V Ksi�ga Moj�eszowa,deuteronomy,5Mo,19,20,1,0,5-Ksiega-Mojzeszowa
28-03,28,Ps 87,Ksi�ga Psalm�w,psa,Ps,87,0,1,0,Ksiega-Psalmow
28-03,28,Rz 15,List �w. Paw�a do Rzymian,rom,Rz,15,0,1,0,List-do-Rzymian
28-03,28,5Mo 21-22,V Ksi�ga Moj�eszowa,deuteronomy,5Mo,21,22,1,0,5-Ksiega-Mojzeszowa
29-03,29,Ps 88,Ksi�ga Psalm�w,psa,Ps,88,0,1,0,Ksiega-Psalmow
29-03,29,Rz 16,List �w. Paw�a do Rzymian,rom,Rz,16,0,1,0,List-do-Rzymian
29-03,29,5Mo 23-24,V Ksi�ga Moj�eszowa,deuteronomy,5Mo,23,24,1,0,5-Ksiega-Mojzeszowa
30-03,30,Ps 89,Ksi�ga Psalm�w,psa,Ps,89,0,1,0,Ksiega-Psalmow
30-03,30,�k 1,Ewangelia �w. �ukasza,luk,�k,1,0,1,0,Ewangelia-Lukasza
30-03,30,5Mo 25,V Ksi�ga Moj�eszowa,deuteronomy,5Mo,25,0,1,0,5-Ksiega-Mojzeszowa
31-03,31,Ps 90,Ksi�ga Psalm�w,psa,Ps,90,0,1,0,Ksiega-Psalmow
31-03,31,�k 2,Ewangelia �w. �ukasza,luk,�k,2,0,1,0,Ewangelia-Lukasza
31-03,31,5Mo 26-27,V Ksi�ga Moj�eszowa,deuteronomy,5Mo,26,27,1,0,5-Ksiega-Mojzeszowa
01-04,1,Ps 91,Ksi�ga Psalm�w,psa,Ps,91,0,1,0,Ksiega-Psalmow
01-04,1,�k 3,Ewangelia �w. �ukasza,luk,�k,3,0,1,0,Ewangelia-Lukasza
01-04,1,5Mo 28,V Ksi�ga Moj�eszowa,deuteronomy,5Mo,28,0,1,0,5-Ksiega-Mojzeszowa
02-04,2,Ps 92,Ksi�ga Psalm�w,psa,Ps,92,0,1,0,Ksiega-Psalmow
02-04,2,�k 4,Ewangelia �w. �ukasza,luk,�k,4,0,1,0,Ewangelia-Lukasza
02-04,2,5Mo 29-30,V Ksi�ga Moj�eszowa,deuteronomy,5Mo,29,30,1,0,5-Ksiega-Mojzeszowa
03-04,3,Ps 93,Ksi�ga Psalm�w,psa,Ps,93,0,1,0,Ksiega-Psalmow
03-04,3,�k 5,Ewangelia �w. �ukasza,luk,�k,5,0,1,0,Ewangelia-Lukasza
03-04,3,5Mo 31-32,V Ksi�ga Moj�eszowa,deuteronomy,5Mo,31,32,1,0,5-Ksiega-Mojzeszowa
04-04,4,Ps 94,Ksi�ga Psalm�w,psa,Ps,94,0,1,0,Ksiega-Psalmow
04-04,4,�k 6,Ewangelia �w. �ukasza,luk,�k,6,0,1,0,Ewangelia-Lukasza
04-04,4,5Mo 33-34,V Ksi�ga Moj�eszowa,deuteronomy,5Mo,33,34,1,0,5-Ksiega-Mojzeszowa
05-04,5,Ps 95,Ksi�ga Psalm�w,psa,Ps,95,0,1,0,Ksiega-Psalmow
05-04,5,�k 7,Ewangelia �w. �ukasza,luk,�k,7,0,1,0,Ewangelia-Lukasza
05-04,5,Joz 1-2,Ksi�ga Jozuego,joshua,Joz,1,2,1,0,Ksiega-Jozuego
06-04,6,Ps 96,Ksi�ga Psalm�w,psa,Ps,96,0,1,0,Ksiega-Psalmow
06-04,6,�k 8,Ewangelia �w. �ukasza,luk,�k,8,0,1,0,Ewangelia-Lukasza
06-04,6,Joz 3-4,Ksi�ga Jozuego,joshua,Joz,3,4,1,0,Ksiega-Jozuego
07-04,7,Ps 97,Ksi�ga Psalm�w,psa,Ps,97,0,1,0,Ksiega-Psalmow
07-04,7,�k 9,Ewangelia �w. �ukasza,luk,�k,9,0,1,0,Ewangelia-Lukasza
07-04,7,Joz 5-6,Ksi�ga Jozuego,joshua,Joz,5,6,1,0,Ksiega-Jozuego
08-04,8,Ps 98,Ksi�ga Psalm�w,psa,Ps,98,0,1,0,Ksiega-Psalmow
08-04,8,�k 10,Ewangelia �w. �ukasza,luk,�k,10,0,1,0,Ewangelia-Lukasza
08-04,8,Joz 7-8,Ksi�ga Jozuego,joshua,Joz,7,8,1,0,Ksiega-Jozuego
09-04,9,Ps 99,Ksi�ga Psalm�w,psa,Ps,99,0,1,0,Ksiega-Psalmow
09-04,9,�k 11,Ewangelia �w. �ukasza,luk,�k,11,0,1,0,Ewangelia-Lukasza
09-04,9,Joz 9-10 _,Ksi�ga Jozuego,joshua,Joz,9,10,1,0,Ksiega-Jozuego
10-04,10,Ps 100,Ksi�ga Psalm�w,psa,Ps,100,0,1,0,Ksiega-Psalmow
10-04,10,�k 12,Ewangelia �w. �ukasza,luk,�k,12,0,1,0,Ewangelia-Lukasza
10-04,10,Joz 11-12,Ksi�ga Jozuego,joshua,Joz,11,12,1,0,Ksiega-Jozuego
11-04,11,Ps 101,Ksi�ga Psalm�w,psa,Ps,101,0,1,0,Ksiega-Psalmow
11-04,11,�k 13,Ewangelia �w. �ukasza,luk,�k,13,0,1,0,Ewangelia-Lukasza
11-04,11,Joz 13-14,Ksi�ga Jozuego,joshua,Joz,13,14,1,0,Ksiega-Jozuego
12-04,12,Ps 102,Ksi�ga Psalm�w,psa,Ps,102,0,1,0,Ksiega-Psalmow
12-04,12,�k 14,Ewangelia �w. �ukasza,luk,�k,14,0,1,0,Ewangelia-Lukasza
12-04,12,Joz 15-16,Ksi�ga Jozuego,joshua,Joz,15,16,1,0,Ksiega-Jozuego
13-04,13,Ps 103,Ksi�ga Psalm�w,psa,Ps,103,0,1,0,Ksiega-Psalmow
13-04,13,�k 15,Ewangelia �w. �ukasza,luk,�k,15,0,1,0,Ewangelia-Lukasza
13-04,13,Joz 17-18,Ksi�ga Jozuego,joshua,Joz,17,18,1,0,Ksiega-Jozuego
14-04,14,Ps 104,Ksi�ga Psalm�w,psa,Ps,104,0,1,0,Ksiega-Psalmow
14-04,14,�k 16,Ewangelia �w. �ukasza,luk,�k,16,0,1,0,Ewangelia-Lukasza
14-04,14,Joz 19-20,Ksi�ga Jozuego,joshua,Joz,19,20,1,0,Ksiega-Jozuego
15-04,15,Ps 105,Ksi�ga Psalm�w,psa,Ps,105,0,1,0,Ksiega-Psalmow
15-04,15,�k 17,Ewangelia �w. �ukasza,luk,�k,17,0,1,0,Ewangelia-Lukasza
15-04,15,Joz 21-22,Ksi�ga Jozuego,joshua,Joz,21,22,1,0,Ksiega-Jozuego
16-04,16,Ps 106,Ksi�ga Psalm�w,psa,Ps,106,0,1,0,Ksiega-Psalmow
16-04,16,�k 18,Ewangelia �w. �ukasza,luk,�k,18,0,1,0,Ewangelia-Lukasza
16-04,16,Joz 23-24,Ksi�ga Jozuego,joshua,Joz,23,24,1,0,Ksiega-Jozuego
17-04,17,Ps 107,Ksi�ga Psalm�w,psa,Ps,107,0,1,0,Ksiega-Psalmow
17-04,17,�k 19,Ewangelia �w. �ukasza,luk,�k,19,0,1,0,Ewangelia-Lukasza
17-04,17,Sdz 1-2,Ksi�ga S�dzi�w,judges,Sdz,1,2,1,0,Ksiega-Sedziow
18-04,18,Ps 108,Ksi�ga Psalm�w,psa,Ps,108,0,1,0,Ksiega-Psalmow
18-04,18,�k 20,Ewangelia �w. �ukasza,luk,�k,20,0,1,0,Ewangelia-Lukasza
18-04,18,Sdz 3-4,Ksi�ga S�dzi�w,judges,Sdz,3,4,1,0,Ksiega-Sedziow
19-04,19,Ps 109,Ksi�ga Psalm�w,psa,Ps,109,0,1,0,Ksiega-Psalmow
19-04,19,�k 21,Ewangelia �w. �ukasza,luk,�k,21,0,1,0,Ewangelia-Lukasza
19-04,19,Sdz 5-6,Ksi�ga S�dzi�w,judges,Sdz,5,6,1,0,Ksiega-Sedziow
20-04,20,Ps 110,Ksi�ga Psalm�w,psa,Ps,110,0,1,0,Ksiega-Psalmow
20-04,20,�k 22,Ewangelia �w. �ukasza,luk,�k,22,0,1,0,Ewangelia-Lukasza
20-04,20,Sdz 7-8,Ksi�ga S�dzi�w,judges,Sdz,7,8,1,0,Ksiega-Sedziow
21-04,21,Ps 111,Ksi�ga Psalm�w,psa,Ps,111,0,1,0,Ksiega-Psalmow
21-04,21,�k 23,Ewangelia �w. �ukasza,luk,�k,23,0,1,0,Ewangelia-Lukasza
21-04,21,Sdz 9-10,Ksi�ga S�dzi�w,judges,Sdz,9,10,1,0,Ksiega-Sedziow
22-04,22,Ps 112,Ksi�ga Psalm�w,psa,Ps,112,0,1,0,Ksiega-Psalmow
22-04,22,�k 24,Ewangelia �w. �ukasza,luk,�k,24,0,1,0,Ewangelia-Lukasza
22-04,22,Sdz 11-12,Ksi�ga S�dzi�w,judges,Sdz,11,12,1,0,Ksiega-Sedziow
23-04,23,Ps 113,Ksi�ga Psalm�w,psa,Ps,113,0,1,0,Ksiega-Psalmow
23-04,23,1Ko 1,Pierwszy list �w. Paw�a do Koryntian,1co,1Ko,1,0,1,0,1-list-do-Koryntian
23-04,23,Sdz 13-14,Ksi�ga S�dzi�w,judges,Sdz,13,14,1,0,Ksiega-Sedziow
24-04,24,Ps 114,Ksi�ga Psalm�w,psa,Ps,114,0,1,0,Ksiega-Psalmow
24-04,24,1Ko 2,Pierwszy list �w. Paw�a do Koryntian,1co,1Ko,2,0,1,0,1-list-do-Koryntian
24-04,24,Sdz 15-17,Ksi�ga S�dzi�w,judges,Sdz,15,17,1,0,Ksiega-Sedziow
25-04,25,Ps 115,Ksi�ga Psalm�w,psa,Ps,115,0,1,0,Ksiega-Psalmow
25-04,25,1Ko 3,Pierwszy list �w. Paw�a do Koryntian,1co,1Ko,3,0,1,0,1-list-do-Koryntian
25-04,25,Sdz 18-19,Ksi�ga S�dzi�w,judges,Sdz,18,19,1,0,Ksiega-Sedziow
26-04,26,Ps 116,Ksi�ga Psalm�w,psa,Ps,116,0,1,0,Ksiega-Psalmow
26-04,26,1Ko 4,Pierwszy list �w. Paw�a do Koryntian,1co,1Ko,4,0,1,0,1-list-do-Koryntian
26-04,26,Sdz 20-21,Ksi�ga S�dzi�w,judges,Sdz,20,21,1,0,Ksiega-Sedziow
27-04,27,Ps 117,Ksi�ga Psalm�w,psa,Ps,117,0,1,0,Ksiega-Psalmow
27-04,27,1Ko 5,Pierwszy list �w. Paw�a do Koryntian,1co,1Ko,5,0,1,0,1-list-do-Koryntian
27-04,27,Rt 1-2,Ksi�ga Rut,ruth,Rt,1,2,1,0,Ksiega-Rut
28-04,28,Ps 118,Ksi�ga Psalm�w,psa,Ps,118,0,1,0,Ksiega-Psalmow
28-04,28,1Ko 6,Pierwszy list �w. Paw�a do Koryntian,1co,1Ko,6,0,1,0,1-list-do-Koryntian
28-04,28,Rt 3-4,Ksi�ga Rut,ruth,Rt,3,4,1,0,Ksiega-Rut
29-04,29,Ps 119,Ksi�ga Psalm�w,psa,Ps,119,0,1,0,Ksiega-Psalmow
29-04,29,1Ko 7,Pierwszy list �w. Paw�a do Koryntian,1co,1Ko,7,0,1,0,1-list-do-Koryntian
29-04,29,lSm 1-2,I Ksi�ga Samuela,lSm,lSm,1,2,1,0,1-Ksiega-Samuela
30-04,30,Ps 119,Ksi�ga Psalm�w,psa,Ps,119,0,1,0,Ksiega-Psalmow
30-04,30,1Ko 8,Pierwszy list �w. Paw�a do Koryntian,1co,1Ko,8,0,1,0,1-list-do-Koryntian
30-04,30,lSm 3-4,I Ksi�ga Samuela,lSm,lSm,3,4,1,0,1-Ksiega-Samuela
01-05,1,Ps 120,Ksi�ga Psalm�w,psa,Ps,120,0,1,0,Ksiega-Psalmow
01-05,1,1Ko 9,Pierwszy list �w. Paw�a do Koryntian,1co,1Ko,9,0,1,0,1-list-do-Koryntian
01-05,1,1Sm 5-7,I Ksi�ga Samuela,1sam,1Sm,5,7,1,0,1-Ksiega-Samuela
02-05,2,Ps 121,Ksi�ga Psalm�w,psa,Ps,121,0,1,0,Ksiega-Psalmow
02-05,2,1Ko 10,Pierwszy list �w. Paw�a do Koryntian,1co,1Ko,10,0,1,0,1-list-do-Koryntian
02-05,2,1Sm 8-9,I Ksi�ga Samuela,1sam,1Sm,8,9,1,0,1-Ksiega-Samuela
03-05,3,Ps 122,Ksi�ga Psalm�w,psa,Ps,122,0,1,0,Ksiega-Psalmow
03-05,3,1Ko 11,Pierwszy list �w. Paw�a do Koryntian,1co,1Ko,11,0,1,0,1-list-do-Koryntian
03-05,3,1Sm 10-11,I Ksi�ga Samuela,1sam,1Sm,10,11,1,0,1-Ksiega-Samuela
04-05,4,Ps 123,Ksi�ga Psalm�w,psa,Ps,123,0,1,0,Ksiega-Psalmow
04-05,4,1Ko 12,Pierwszy list �w. Paw�a do Koryntian,1co,1Ko,12,0,1,0,1-list-do-Koryntian
04-05,4,1Sm 12-13,I Ksi�ga Samuela,1sam,1Sm,12,13,1,0,1-Ksiega-Samuela
05-05,5,Ps 124,Ksi�ga Psalm�w,psa,Ps,124,0,1,0,Ksiega-Psalmow
05-05,5,1Ko 13,Pierwszy list �w. Paw�a do Koryntian,1co,1Ko,13,0,1,0,1-list-do-Koryntian
05-05,5,1Sm 14-15,I Ksi�ga Samuela,1sam,1Sm,14,15,1,0,1-Ksiega-Samuela
06-05,6,Ps 125,Ksi�ga Psalm�w,psa,Ps,125,0,1,0,Ksiega-Psalmow
06-05,6,1Ko 14,Pierwszy list �w. Paw�a do Koryntian,1co,1Ko,14,0,1,0,1-list-do-Koryntian
06-05,6,1Sm 16-17,I Ksi�ga Samuela,1sam,1Sm,16,17,1,0,1-Ksiega-Samuela
07-05,7,Ps 126,Ksi�ga Psalm�w,psa,Ps,126,0,1,0,Ksiega-Psalmow
07-05,7,1Ko 15,Pierwszy list �w. Paw�a do Koryntian,1co,1Ko,15,0,1,0,1-list-do-Koryntian
07-05,7,1Sm 18-19,I Ksi�ga Samuela,1sam,1Sm,18,19,1,0,1-Ksiega-Samuela
08-05,8,Ps 127,Ksi�ga Psalm�w,psa,Ps,127,0,1,0,Ksiega-Psalmow
08-05,8,1Ko 16,Pierwszy list �w. Paw�a do Koryntian,1co,1Ko,16,0,1,0,1-list-do-Koryntian
08-05,8,1Sm 20-21,I Ksi�ga Samuela,1sam,1Sm,20,21,1,0,1-Ksiega-Samuela
09-05,9,Ps 128,Ksi�ga Psalm�w,psa,Ps,128,0,1,0,Ksiega-Psalmow
09-05,9,2Ko 1,Drugi list �w. Paw�a do Koryntian,2co,2Ko,1,0,1,0,2-list-do-Koryntian
09-05,9,1Sm 22-23,I Ksi�ga Samuela,1sam,1Sm,22,23,1,0,1-Ksiega-Samuela
10-05,10,Ps 129,Ksi�ga Psalm�w,psa,Ps,129,0,1,0,Ksiega-Psalmow
10-05,10,2Ko 2,Drugi list �w. Paw�a do Koryntian,2co,2Ko,2,0,1,0,2-list-do-Koryntian
10-05,10,1Sm 24-25,I Ksi�ga Samuela,1sam,1Sm,24,25,1,0,1-Ksiega-Samuela
11-05,11,Ps 130,Ksi�ga Psalm�w,psa,Ps,130,0,1,0,Ksiega-Psalmow
11-05,11,2Ko 3,Drugi list �w. Paw�a do Koryntian,2co,2Ko,3,0,1,0,2-list-do-Koryntian
11-05,11,1Sm 26-27,I Ksi�ga Samuela,1sam,1Sm,26,27,1,0,1-Ksiega-Samuela
12-05,12,Ps 131,Ksi�ga Psalm�w,psa,Ps,131,0,1,0,Ksiega-Psalmow
12-05,12,2Ko 4,Drugi list �w. Paw�a do Koryntian,2co,2Ko,4,0,1,0,2-list-do-Koryntian
12-05,12,1Sm 28-29,I Ksi�ga Samuela,1sam,1Sm,28,29,1,0,1-Ksiega-Samuela
13-05,13,Ps 132,Ksi�ga Psalm�w,psa,Ps,132,0,1,0,Ksiega-Psalmow
13-05,13,2Ko 5,Drugi list �w. Paw�a do Koryntian,2co,2Ko,5,0,1,0,2-list-do-Koryntian
13-05,13,1Sm 30-31,I Ksi�ga Samuela,1sam,1Sm,30,31,1,0,1-Ksiega-Samuela
14-05,14,Ps 133,Ksi�ga Psalm�w,psa,Ps,133,0,1,0,Ksiega-Psalmow
14-05,14,2Ko 6,Drugi list �w. Paw�a do Koryntian,2co,2Ko,6,0,1,0,2-list-do-Koryntian
14-05,14,1Kn 1-2,I Ksi�ga Kronik,1ch,1Kn,1,2,1,0,1-Ksiega-Kronik
15-05,15,Ps 134,Ksi�ga Psalm�w,psa,Ps,134,0,1,0,Ksiega-Psalmow
15-05,15,2Ko 7,Drugi list �w. Paw�a do Koryntian,2co,2Ko,7,0,1,0,2-list-do-Koryntian
15-05,15,1Kn 3-4,I Ksi�ga Kronik,1ch,1Kn,3,4,1,0,1-Ksiega-Kronik
16-05,16,Ps 135,Ksi�ga Psalm�w,psa,Ps,135,0,1,0,Ksiega-Psalmow
16-05,16,2Ko 8,Drugi list �w. Paw�a do Koryntian,2co,2Ko,8,0,1,0,2-list-do-Koryntian
16-05,16,1Kn 5-7,I Ksi�ga Kronik,1ch,1Kn,5,7,1,0,1-Ksiega-Kronik
17-05,17,Ps 136,Ksi�ga Psalm�w,psa,Ps,136,0,1,0,Ksiega-Psalmow
17-05,17,2Ko 9,Drugi list �w. Paw�a do Koryntian,2co,2Ko,9,0,1,0,2-list-do-Koryntian
17-05,17,1Kn 8-10,I Ksi�ga Kronik,1ch,1Kn,8,10,1,0,1-Ksiega-Kronik
18-05,18,Ps 137,Ksi�ga Psalm�w,psa,Ps,137,0,1,0,Ksiega-Psalmow
18-05,18,2Ko 10,Drugi list �w. Paw�a do Koryntian,2co,2Ko,10,0,1,0,2-list-do-Koryntian
18-05,18,2Sm 1-2,II Ksi�ga Samuela,2sam,2Sm,1,2,1,0,2-Ksiega-Samuela
19-05,19,Ps 138,Ksi�ga Psalm�w,psa,Ps,138,0,1,0,Ksiega-Psalmow
19-05,19,2Ko 11,Drugi list �w. Paw�a do Koryntian,2co,2Ko,11,0,1,0,2-list-do-Koryntian
19-05,19,2Sm 3-4,II Ksi�ga Samuela,2sam,2Sm,3,4,1,0,2-Ksiega-Samuela
20-05,20,Ps 139,Ksi�ga Psalm�w,psa,Ps,139,0,1,0,Ksiega-Psalmow
20-05,20,2Ko 12,Drugi list �w. Paw�a do Koryntian,2co,2Ko,12,0,1,0,2-list-do-Koryntian
20-05,20,2Sm 5-6,II Ksi�ga Samuela,2sam,2Sm,5,6,1,0,2-Ksiega-Samuela
21-05,21,Ps 140,Ksi�ga Psalm�w,psa,Ps,140,0,1,0,Ksiega-Psalmow
21-05,21,2Ko 13,Drugi list �w. Paw�a do Koryntian,2co,2Ko,13,0,1,0,2-list-do-Koryntian
21-05,21,2Sm 7-8,II Ksi�ga Samuela,2sam,2Sm,7,8,1,0,2-Ksiega-Samuela
22-05,22,Ps 141,Ksi�ga Psalm�w,psa,Ps,141,0,1,0,Ksiega-Psalmow
22-05,22,Jn 1,Ewangelia �w. Jana,joh,Jn,1,0,1,0,Ewangelia-Jana
22-05,22,2Sm 9-10,II Ksi�ga Samuela,2sam,2Sm,9,10,1,0,2-Ksiega-Samuela
23-05,23,Ps 142,Ksi�ga Psalm�w,psa,Ps,142,0,1,0,Ksiega-Psalmow
23-05,23,Jn 2,Ewangelia �w. Jana,joh,Jn,2,0,1,0,Ewangelia-Jana
23-05,23,2Sm 11-12,II Ksi�ga Samuela,2sam,2Sm,11,12,1,0,2-Ksiega-Samuela
24-05,24,Ps 143,Ksi�ga Psalm�w,psa,Ps,143,0,1,0,Ksiega-Psalmow
24-05,24,Jn 3,Ewangelia �w. Jana,joh,Jn,3,0,1,0,Ewangelia-Jana
24-05,24,2Sm 13-14,II Ksi�ga Samuela,2sam,2Sm,13,14,1,0,2-Ksiega-Samuela
25-05,25,Ps 144,Ksi�ga Psalm�w,psa,Ps,144,0,1,0,Ksiega-Psalmow
25-05,25,Jn 4,Ewangelia �w. Jana,joh,Jn,4,0,1,0,Ewangelia-Jana
25-05,25,2Sm 15-16,II Ksi�ga Samuela,2sam,2Sm,15,16,1,0,2-Ksiega-Samuela
26-05,26,Ps 145,Ksi�ga Psalm�w,psa,Ps,145,0,1,0,Ksiega-Psalmow
26-05,26,Jn 5,Ewangelia �w. Jana,joh,Jn,5,0,1,0,Ewangelia-Jana
26-05,26,2Sm 17-18,II Ksi�ga Samuela,2sam,2Sm,17,18,1,0,2-Ksiega-Samuela
27-05,27,Ps 146,Ksi�ga Psalm�w,psa,Ps,146,0,1,0,Ksiega-Psalmow
27-05,27,Jn 6,Ewangelia �w. Jana,joh,Jn,6,0,1,0,Ewangelia-Jana
27-05,27,2Sm 19-20,II Ksi�ga Samuela,2sam,2Sm,19,20,1,0,2-Ksiega-Samuela
28-05,28,Ps 147,Ksi�ga Psalm�w,psa,Ps,147,0,1,0,Ksiega-Psalmow
28-05,28,Jn 7,Ewangelia �w. Jana,joh,Jn,7,0,1,0,Ewangelia-Jana
28-05,28,2Sm 21-22,II Ksi�ga Samuela,2sam,2Sm,21,22,1,0,2-Ksiega-Samuela
29-05,29,Ps 148,Ksi�ga Psalm�w,psa,Ps,148,0,1,0,Ksiega-Psalmow
29-05,29,Jn 8,Ewangelia �w. Jana,joh,Jn,8,0,1,0,Ewangelia-Jana
29-05,29,2Sm 23-24,II Ksi�ga Samuela,2sam,2Sm,23,24,1,0,2-Ksiega-Samuela
30-05,30,Ps 149,Ksi�ga Psalm�w,psa,Ps,149,0,1,0,Ksiega-Psalmow
30-05,30,Jn 9,Ewangelia �w. Jana,joh,Jn,9,0,1,0,Ewangelia-Jana
30-05,30,1Kr 1-2,I Ksi�ga Kr�lewska,1ki,1Kr,1,2,1,0,1-Ksiega-Krolewska
31-05,31,Ps 150,Ksi�ga Psalm�w,psa,Ps,150,0,1,0,Ksiega-Psalmow
31-05,31,Jn 10,Ewangelia �w. Jana,joh,Jn,10,0,1,0,Ewangelia-Jana
31-05,31,1Kn 11-12,I Ksi�ga Kronik,1ch,1Kn,11,12,1,0,1-Ksiega-Kronik
01-06,1,Prz 1,Przypowie�ci Salomona,proverbs,Prz,1,0,1,0,Przypowiesci-Salomona
01-06,1,Jn 11,Ewangelia �w. Jana,joh,Jn,11,0,1,0,Ewangelia-Jana
01-06,1,1Kn 13-15,I Ksi�ga Kronik,1ch,1Kn,13,15,1,0,1-Ksiega-Kronik
02-06,2,Prz 2,Przypowie�ci Salomona,proverbs,Prz,2,0,1,0,Przypowiesci-Salomona
02-06,2,Jn 12,Ewangelia �w. Jana,joh,Jn,12,0,1,0,Ewangelia-Jana
02-06,2,1Kn 16-17,I Ksi�ga Kronik,1ch,1Kn,16,17,1,0,1-Ksiega-Kronik
03-06,3,Prz 3,Przypowie�ci Salomona,proverbs,Prz,3,0,1,0,Przypowiesci-Salomona
03-06,3,Jn 13,Ewangelia �w. Jana,joh,Jn,13,0,1,0,Ewangelia-Jana
03-06,3,1Kn 18-19,I Ksi�ga Kronik,1ch,1Kn,18,19,1,0,1-Ksiega-Kronik
04-06,4,Prz 4,Przypowie�ci Salomona,proverbs,Prz,4,0,1,0,Przypowiesci-Salomona
04-06,4,Jn 14,Ewangelia �w. Jana,joh,Jn,14,0,1,0,Ewangelia-Jana
04-06,4,1Kn 20-22,I Ksi�ga Kronik,1ch,1Kn,20,22,1,0,1-Ksiega-Kronik
05-06,5,Prz 5,Przypowie�ci Salomona,proverbs,Prz,5,0,1,0,Przypowiesci-Salomona
05-06,5,Jn 15,Ewangelia �w. Jana,joh,Jn,15,0,1,0,Ewangelia-Jana
05-06,5,1Kn 23-24,I Ksi�ga Kronik,1ch,1Kn,23,24,1,0,1-Ksiega-Kronik
06-06,6,Prz 6,Przypowie�ci Salomona,proverbs,Prz,6,0,1,0,Przypowiesci-Salomona
06-06,6,Jn 16,Ewangelia �w. Jana,joh,Jn,16,0,1,0,Ewangelia-Jana
06-06,6,1Kn 25-26,I Ksi�ga Kronik,1ch,1Kn,25,26,1,0,1-Ksiega-Kronik
07-06,7,Prz 7,Przypowie�ci Salomona,proverbs,Prz,7,0,1,0,Przypowiesci-Salomona
07-06,7,Jn 17,Ewangelia �w. Jana,joh,Jn,17,0,1,0,Ewangelia-Jana
07-06,7,1Kn 27-29,I Ksi�ga Kronik,1ch,1Kn,27,29,1,0,1-Ksiega-Kronik
08-06,8,Prz 8,Przypowie�ci Salomona,proverbs,Prz,8,0,1,0,Przypowiesci-Salomona
08-06,8,Jn 18,Ewangelia �w. Jana,joh,Jn,18,0,1,0,Ewangelia-Jana
08-06,8,1Kr 3-4,I Ksi�ga Kr�lewska,1ki,1Kr,3,4,1,0,1-Ksiega-Krolewska
09-06,9,Prz 9,Przypowie�ci Salomona,proverbs,Prz,9,0,1,0,Przypowiesci-Salomona
09-06,9,Jn 19,Ewangelia �w. Jana,joh,Jn,19,0,1,0,Ewangelia-Jana
09-06,9,Pnp 1-3,Pie�� nad Pie�niami,son,Pnp,1,3,1,0,Piesn-nad-Piesniami
10-06,10,Prz 10,Przypowie�ci Salomona,proverbs,Prz,10,0,1,0,Przypowiesci-Salomona
10-06,10,Jn 20,Ewangelia �w. Jana,joh,Jn,20,0,1,0,Ewangelia-Jana
10-06,10,Pnp 4-6,Pie�� nad Pie�niami,son,Pnp,4,6,1,0,Piesn-nad-Piesniami
11-06,11,Prz 11,Przypowie�ci Salomona,proverbs,Prz,11,0,1,0,Przypowiesci-Salomona
11-06,11,Jn 21,Ewangelia �w. Jana,joh,Jn,21,0,1,0,Ewangelia-Jana
11-06,11,Pnp 7-8,Pie�� nad Pie�niami,son,Pnp,7,8,1,0,Piesn-nad-Piesniami
12-06,12,Prz 12,Przypowie�ci Salomona,proverbs,Prz,12,0,1,0,Przypowiesci-Salomona
12-06,12,Ga 11,List �w. Paw�a do Galacjan,gal,Ga,11,0,1,0,List-do-Galacjan
12-06,12,1Kr 5-6,I Ksi�ga Kr�lewska,1ki,1Kr,5,6,1,0,1-Ksiega-Krolewska
13-06,13,Prz 13,Przypowie�ci Salomona,proverbs,Prz,13,0,1,0,Przypowiesci-Salomona
13-06,13,Ga 12,List �w. Paw�a do Galacjan,gal,Ga,12,0,1,0,List-do-Galacjan
13-06,13,1Kr 7-8,I Ksi�ga Kr�lewska,1ki,1Kr,7,8,1,0,1-Ksiega-Krolewska
14-06,14,Prz 14,Przypowie�ci Salomona,proverbs,Prz,14,0,1,0,Przypowiesci-Salomona
14-06,14,Ga 13,List �w. Paw�a do Galacjan,gal,Ga,13,0,1,0,List-do-Galacjan
14-06,14,1Kr 9-10,I Ksi�ga Kr�lewska,1ki,1Kr,9,10,1,0,1-Ksiega-Krolewska
15-06,15,Prz 15,Przypowie�ci Salomona,proverbs,Prz,15,0,1,0,Przypowiesci-Salomona
15-06,15,Ga 14,List �w. Paw�a do Galacjan,gal,Ga,14,0,1,0,List-do-Galacjan
15-06,15,2Kn 1-3,II Ksi�ga Kronik,2ch,2Kn,1,3,1,0,2-Ksiega-Kronik
16-06,16,Prz 16,Przypowie�ci Salomona,proverbs,Prz,16,0,1,0,Przypowiesci-Salomona
16-06,16,Ga 15,List �w. Paw�a do Galacjan,gal,Ga,15,0,1,0,List-do-Galacjan
16-06,16,2Kn 4-5,II Ksi�ga Kronik,2ch,2Kn,4,5,1,0,2-Ksiega-Kronik
17-06,17,Prz 17,Przypowie�ci Salomona,proverbs,Prz,17,0,1,0,Przypowiesci-Salomona
17-06,17,Ga 16,List �w. Paw�a do Galacjan,gal,Ga,16,0,1,0,List-do-Galacjan
17-06,17,2Kn 6-7,II Ksi�ga Kronik,2ch,2Kn,6,7,1,0,2-Ksiega-Kronik
18-06,18,Prz 18,Przypowie�ci Salomona,proverbs,Prz,18,0,1,0,Przypowiesci-Salomona
18-06,18,Ef l,List �w. Paw�a do Efezjan,eph,Ef,1,0,1,0,List-do-Efezjan
18-06,18,Kzn 1-2,Ksi�ga Kaznodziei Salomona,ecc,Kzn,1,2,1,0,Ksiega-Kaznodziei-Salomona
19-06,19,Prz 19,Przypowie�ci Salomona,proverbs,Prz,19,0,1,0,Przypowiesci-Salomona
19-06,19,Ef 2,List �w. Paw�a do Efezjan,eph,Ef,2,0,1,0,List-do-Efezjan
19-06,19,Kzn 3-5,Ksi�ga Kaznodziei Salomona,ecc,Kzn,3,5,1,0,Ksiega-Kaznodziei-Salomona
20-06,20,Prz 20,Przypowie�ci Salomona,proverbs,Prz,20,0,1,0,Przypowiesci-Salomona
20-06,20,Ef 3,List �w. Paw�a do Efezjan,eph,Ef,3,0,1,0,List-do-Efezjan
20-06,20,Kzn 6-7,Ksi�ga Kaznodziei Salomona,ecc,Kzn,6,7,1,0,Ksiega-Kaznodziei-Salomona
21-06,21,Prz 21,Przypowie�ci Salomona,proverbs,Prz,21,0,1,0,Przypowiesci-Salomona
21-06,21,Ef 4,List �w. Paw�a do Efezjan,eph,Ef,4,0,1,0,List-do-Efezjan
21-06,21,Kzn 8-9,Ksi�ga Kaznodziei Salomona,ecc,Kzn,8,9,1,0,Ksiega-Kaznodziei-Salomona
22-06,22,Prz 22,Przypowie�ci Salomona,proverbs,Prz,22,0,1,0,Przypowiesci-Salomona
22-06,22,Ef 5,List �w. Paw�a do Efezjan,eph,Ef,5,0,1,0,List-do-Efezjan
22-06,22,Kzn 10-12,Ksi�ga Kaznodziei Salomona,ecc,Kzn,10,12,1,0,Ksiega-Kaznodziei-Salomona
23-06,23,Prz 23,Przypowie�ci Salomona,proverbs,Prz,23,0,1,0,Przypowiesci-Salomona
23-06,23,Ef 6,List �w. Paw�a do Efezjan,eph,Ef,6,0,1,0,List-do-Efezjan
23-06,23,2Kn 8-9,II Ksi�ga Kronik,2ch,2Kn,8,9,1,0,2-Ksiega-Kronik
24-06,24,Prz 24,Przypowie�ci Salomona,proverbs,Prz,24,0,1,0,Przypowiesci-Salomona
24-06,24,Flp 1,List �w. Paw�a do Filipian,phi,Flp,1,0,1,0,List-do-Filipian
24-06,24,1Kr 11-12,I Ksi�ga Kr�lewska,1ki,1Kr,11,12,1,0,1-Ksiega-Krolewska
25-06,25,Prz 25,Przypowie�ci Salomona,proverbs,Prz,25,0,1,0,Przypowiesci-Salomona
25-06,25,Flp 2,List �w. Paw�a do Filipian,phi,Flp,2,0,1,0,List-do-Filipian
25-06,25,1Kr 13-14,I Ksi�ga Kr�lewska,1ki,1Kr,13,14,1,0,1-Ksiega-Krolewska
26-06,26,Prz 26,Przypowie�ci Salomona,proverbs,Prz,26,0,1,0,Przypowiesci-Salomona
26-06,26,Flp 3,List �w. Paw�a do Filipian,phi,Flp,3,0,1,0,List-do-Filipian
26-06,26,2Kn 10-11,II Ksi�ga Kronik,2ch,2Kn,10,11,1,0,2-Ksiega-Kronik
27-06,27,Prz 27,Przypowie�ci Salomona,proverbs,Prz,27,0,1,0,Przypowiesci-Salomona
27-06,27,Flp 4,List �w. Paw�a do Filipian,phi,Flp,4,0,1,0,List-do-Filipian
27-06,27,2Kn 12-13,II Ksi�ga Kronik,2ch,2Kn,12,13,1,0,2-Ksiega-Kronik
28-06,28,Prz 28,Przypowie�ci Salomona,proverbs,Prz,28,0,1,0,Przypowiesci-Salomona
28-06,28,Kol 1,List �w. Paw�a do Kolosan,col,Kol,1,0,1,0,List-do-Kolosan
28-06,28,2Kn 14-15,II Ksi�ga Kronik,2ch,2Kn,14,15,1,0,2-Ksiega-Kronik
29-06,29,Prz 29,Przypowie�ci Salomona,proverbs,Prz,29,0,1,0,Przypowiesci-Salomona
29-06,29,Kol 2,List �w. Paw�a do Kolosan,col,Kol,2,0,1,0,List-do-Kolosan
29-06,29,2Kn 16-17,II Ksi�ga Kronik,2ch,2Kn,16,17,1,0,2-Ksiega-Kronik
30-06,30,Prz 30,Przypowie�ci Salomona,proverbs,Prz,30,0,1,0,Przypowiesci-Salomona
30-06,30,Kol 3,List �w. Paw�a do Kolosan,col,Kol,3,0,1,0,List-do-Kolosan
30-06,30,2Kn 18-19,II Ksi�ga Kronik,2ch,2Kn,18,19,1,0,2-Ksiega-Kronik
01-07,1,Prz 31,Przypowie�ci Salomona,proverbs,Prz,31,0,1,0,Przypowiesci-Salomona
01-07,1,Koi 4,List �w. Paw�a do Kolosan,Koi,Koi,4,0,1,0,List-do-Kolosan
01-07,1,1Kr 15-16,I Ksi�ga Kr�lewska,1ki,1Kr,15,16,1,0,1-Ksiega-Krolewska
02-07,2,Ps 1,Ksi�ga Psalm�w,psa,Ps,1,0,1,0,Ksiega-Psalmow
02-07,2,Mt 1,Ewangelia �w. Mateusza,mat,Mt,1,0,1,0,Ewangelia-Mateusza
02-07,2,1Kr 17-18,I Ksi�ga Kr�lewska,1ki,1Kr,17,18,1,0,1-Ksiega-Krolewska
03-07,3,Ps 2,Ksi�ga Psalm�w,psa,Ps,2,0,1,0,Ksiega-Psalmow
03-07,3,Mt 2,Ewangelia �w. Mateusza,mat,Mt,2,0,1,0,Ewangelia-Mateusza
03-07,3,1Kr 19-20,I Ksi�ga Kr�lewska,1ki,1Kr,19,20,1,0,1-Ksiega-Krolewska
04-07,4,Ps 3,Ksi�ga Psalm�w,psa,Ps,3,0,1,0,Ksiega-Psalmow
04-07,4,Mt 3,Ewangelia �w. Mateusza,mat,Mt,3,0,1,0,Ewangelia-Mateusza
04-07,4,1Kr 21-22,I Ksi�ga Kr�lewska,1ki,1Kr,21,22,1,0,1-Ksiega-Krolewska
05-07,5,Ps 4,Ksi�ga Psalm�w,psa,Ps,4,0,1,0,Ksiega-Psalmow
05-07,5,Mt 4,Ewangelia �w. Mateusza,mat,Mt,4,0,1,0,Ewangelia-Mateusza
05-07,5,2Kn 20-21,II Ksi�ga Kronik,2ch,2Kn,20,21,1,0,2-Ksiega-Kronik
06-07,6,Ps 5,Ksi�ga Psalm�w,psa,Ps,5,0,1,0,Ksiega-Psalmow
06-07,6,Mt 5,Ewangelia �w. Mateusza,mat,Mt,5,0,1,0,Ewangelia-Mateusza
06-07,6,2Kr 1-2,II Ksi�ga Kr�lewska,2ki,2Kr,1,2,1,0,2-Ksiega-Krolewska
07-07,7,Ps 6,Ksi�ga Psalm�w,psa,Ps,6,0,1,0,Ksiega-Psalmow
07-07,7,Mt 6,Ewangelia �w. Mateusza,mat,Mt,6,0,1,0,Ewangelia-Mateusza
07-07,7,2Kr 3-4,II Ksi�ga Kr�lewska,2ki,2Kr,3,4,1,0,2-Ksiega-Krolewska
08-07,8,Ps 7,Ksi�ga Psalm�w,psa,Ps,7,0,1,0,Ksiega-Psalmow
08-07,8,Mt 7,Ewangelia �w. Mateusza,mat,Mt,7,0,1,0,Ewangelia-Mateusza
08-07,8,2Kr 5-6,II Ksi�ga Kr�lewska,2ki,2Kr,5,6,1,0,2-Ksiega-Krolewska
09-07,9,Ps 8,Ksi�ga Psalm�w,psa,Ps,8,0,1,0,Ksiega-Psalmow
09-07,9,Mt 8,Ewangelia �w. Mateusza,mat,Mt,8,0,1,0,Ewangelia-Mateusza
09-07,9,2Kr 7-8,II Ksi�ga Kr�lewska,2ki,2Kr,7,8,1,0,2-Ksiega-Krolewska
10-07,10,Ps 9,Ksi�ga Psalm�w,psa,Ps,9,0,1,0,Ksiega-Psalmow
10-07,10,Mt 9,Ewangelia �w. Mateusza,mat,Mt,9,0,1,0,Ewangelia-Mateusza
10-07,10,Ab 1,Ksi�ga Abdiasza,obadiah,Ab,1,0,1,0,Ksiega-Abdiasza
11-07,11,Ps 10,Ksi�ga Psalm�w,psa,Ps,10,0,1,0,Ksiega-Psalmow
11-07,11,Mt 10,Ewangelia �w. Mateusza,mat,Mt,10,0,1,0,Ewangelia-Mateusza
11-07,11,2Kn 22,II Ksi�ga Kronik,2ch,2Kn,22,0,1,0,2-Ksiega-Kronik
12-07,12,Ps 11,Ksi�ga Psalm�w,psa,Ps,11,0,1,0,Ksiega-Psalmow
12-07,12,Mt 11,Ewangelia �w. Mateusza,mat,Mt,11,0,1,0,Ewangelia-Mateusza
12-07,12,Jl 1-3,Ksi�ga Joela,joel,Jl,1,3,1,0,Ksiega-Joela
13-07,13,Ps 12,Ksi�ga Psalm�w,psa,Ps,12,0,1,0,Ksiega-Psalmow
13-07,13,Mt 12,Ewangelia �w. Mateusza,mat,Mt,12,0,1,0,Ewangelia-Mateusza
13-07,13,2Kr 9-10,II Ksi�ga Kr�lewska,2ki,2Kr,9,10,1,0,2-Ksiega-Krolewska
14-07,14,Ps 13,Ksi�ga Psalm�w,psa,Ps,13,0,1,0,Ksiega-Psalmow
14-07,14,Mt 13,Ewangelia �w. Mateusza,mat,Mt,13,0,1,0,Ewangelia-Mateusza
14-07,14,2Kr 11-12,II Ksi�ga Kr�lewska,2ki,2Kr,11,12,1,0,2-Ksiega-Krolewska
15-07,15,Ps 14,Ksi�ga Psalm�w,psa,Ps,14,0,1,0,Ksiega-Psalmow
15-07,15,Mt 14,Ewangelia �w. Mateusza,mat,Mt,14,0,1,0,Ewangelia-Mateusza
15-07,15,2Kr 13-14,II Ksi�ga Kr�lewska,2ki,2Kr,13,14,1,0,2-Ksiega-Krolewska
16-07,16,Ps 15,Ksi�ga Psalm�w,psa,Ps,15,0,1,0,Ksiega-Psalmow
16-07,16,Mt 15,Ewangelia �w. Mateusza,mat,Mt,15,0,1,0,Ewangelia-Mateusza
16-07,16,Jo 1-4,Ksiega Jonasza,jonah,Jo,1,4,1,0,Ksiega-Jonasza
17-07,17,Ps 16,Ksi�ga Psalm�w,psa,Ps,16,0,1,0,Ksiega-Psalmow
17-07,17,Mt 16,Ewangelia �w. Mateusza,mat,Mt,16,0,1,0,Ewangelia-Mateusza
17-07,17,Am 1-2,Ksi�ga Amosa,amos,Am,1,2,1,0,Ksiega-Amosa
18-07,18,Ps 17,Ksi�ga Psalm�w,psa,Ps,17,0,1,0,Ksiega-Psalmow
18-07,18,Mt 17,Ewangelia �w. Mateusza,mat,Mt,17,0,1,0,Ewangelia-Mateusza
18-07,18,Am 3-5,Ksi�ga Amosa,amos,Am,3,5,1,0,Ksiega-Amosa
19-07,19,Ps 18,Ksi�ga Psalm�w,psa,Ps,18,0,1,0,Ksiega-Psalmow
19-07,19,Mt 18,Ewangelia �w. Mateusza,mat,Mt,18,0,1,0,Ewangelia-Mateusza
19-07,19,Am 6-7,Ksi�ga Amosa,amos,Am,6,7,1,0,Ksiega-Amosa
20-07,20,Ps 19,Ksi�ga Psalm�w,psa,Ps,19,0,1,0,Ksiega-Psalmow
20-07,20,Mt 19,Ewangelia �w. Mateusza,mat,Mt,19,0,1,0,Ewangelia-Mateusza
20-07,20,Am 8-9,Ksi�ga Amosa,amos,Am,8,9,1,0,Ksiega-Amosa
21-07,21,Ps 20,Ksi�ga Psalm�w,psa,Ps,20,0,1,0,Ksiega-Psalmow
21-07,21,Mt 20,Ewangelia �w. Mateusza,mat,Mt,20,0,1,0,Ewangelia-Mateusza
21-07,21,2Kn 23-24,II Ksi�ga Kronik,2ch,2Kn,23,24,1,0,2-Ksiega-Kronik
22-07,22,Ps 21,Ksi�ga Psalm�w,psa,Ps,21,0,1,0,Ksiega-Psalmow
22-07,22,Mt 21,Ewangelia �w. Mateusza,mat,Mt,21,0,1,0,Ewangelia-Mateusza
22-07,22,2Kn 25-26,II Ksi�ga Kronik,2ch,2Kn,25,26,1,0,2-Ksiega-Kronik
23-07,23,Ps 22,Ksi�ga Psalm�w,psa,Ps,22,0,1,0,Ksiega-Psalmow
23-07,23,Mt 22,Ewangelia �w. Mateusza,mat,Mt,22,0,1,0,Ewangelia-Mateusza
23-07,23,Iz 1-2,Ksi�ga Izajasza,isaiah,Iz,1,2,1,0,Ksiega-Izajasza
24-07,24,Ps 23,Ksi�ga Psalm�w,psa,Ps,23,0,1,0,Ksiega-Psalmow
24-07,24,Mt 23,Ewangelia �w. Mateusza,mat,Mt,23,0,1,0,Ewangelia-Mateusza
24-07,24,Iz 3-4,Ksi�ga Izajasza,isaiah,Iz,3,4,1,0,Ksiega-Izajasza
25-07,25,Ps 24,Ksi�ga Psalm�w,psa,Ps,24,0,1,0,Ksiega-Psalmow
25-07,25,Mt 24,Ewangelia �w. Mateusza,mat,Mt,24,0,1,0,Ewangelia-Mateusza
25-07,25,Iz 5-6,Ksi�ga Izajasza,isaiah,Iz,5,6,1,0,Ksiega-Izajasza
26-07,26,Ps 25,Ksi�ga Psalm�w,psa,Ps,25,0,1,0,Ksiega-Psalmow
26-07,26,Mt 25,Ewangelia �w. Mateusza,mat,Mt,25,0,1,0,Ewangelia-Mateusza
26-07,26,2Kn 27-28,II Ksi�ga Kronik,2ch,2Kn,27,28,1,0,2-Ksiega-Kronik
27-07,27,Ps 26,Ksi�ga Psalm�w,psa,Ps,26,0,1,0,Ksiega-Psalmow
27-07,27,Mt 26,Ewangelia �w. Mateusza,mat,Mt,26,0,1,0,Ewangelia-Mateusza
27-07,27,2Kr 15-16,II Ksi�ga Kr�lewska,2ki,2Kr,15,16,1,0,2-Ksiega-Krolewska
28-07,28,Ps 27,Ksi�ga Psalm�w,psa,Ps,27,0,1,0,Ksiega-Psalmow
28-07,28,Mt 27,Ewangelia �w. Mateusza,mat,Mt,27,0,1,0,Ewangelia-Mateusza
28-07,28,Iz 7-8,Ksi�ga Izajasza,isaiah,Iz,7,8,1,0,Ksiega-Izajasza
29-07,29,Ps 28,Ksi�ga Psalm�w,psa,Ps,28,0,1,0,Ksiega-Psalmow
29-07,29,Mt 28,Ewangelia �w. Mateusza,mat,Mt,28,0,1,0,Ewangelia-Mateusza
29-07,29,Iz 9-10,Ksi�ga Izajasza,isaiah,Iz,9,10,1,0,Ksiega-Izajasza
30-07,30,Ps 29,Ksi�ga Psalm�w,psa,Ps,29,0,1,0,Ksiega-Psalmow
30-07,30,1Ts 1,Pierwszy list �w. Paw�a do Tesaloniczan,1th,1Ts,1,0,1,0,1-list-do-Tesaloniczan
30-07,30,Iz 11-12,Ksi�ga Izajasza,isaiah,Iz,11,12,1,0,Ksiega-Izajasza
31-07,31,Ps 30,Ksi�ga Psalm�w,psa,Ps,30,0,1,0,Ksiega-Psalmow
31-07,31,1Ts 2,Pierwszy list �w. Paw�a do Tesaloniczan,1th,1Ts,2,0,1,0,1-list-do-Tesaloniczan
31-07,31,Iz 13-14,Ksi�ga Izajasza,isaiah,Iz,13,14,1,0,Ksiega-Izajasza
01-08,1,Ps 31,Ksi�ga Psalm�w,psa,Ps,31,0,1,0,Ksiega-Psalmow
01-08,1,1Ts 3,Pierwszy list �w. Paw�a do Tesaloniczan,1th,1Ts,3,0,1,0,1-list-do-Tesaloniczan
01-08,1,Iz 15-16,Ksi�ga Izajasza,isaiah,Iz,15,16,1,0,Ksiega-Izajasza
02-08,2,Ps 32,Ksi�ga Psalm�w,psa,Ps,32,0,1,0,Ksiega-Psalmow
02-08,2,1Ts 4,Pierwszy list �w. Paw�a do Tesaloniczan,1th,1Ts,4,0,1,0,1-list-do-Tesaloniczan
02-08,2,Iz 17-18,Ksi�ga Izajasza,isaiah,Iz,17,18,1,0,Ksiega-Izajasza
03-08,3,Ps 33,Ksi�ga Psalm�w,psa,Ps,33,0,1,0,Ksiega-Psalmow
03-08,3,1Ts 5,Pierwszy list �w. Paw�a do Tesaloniczan,1th,1Ts,5,0,1,0,1-list-do-Tesaloniczan
03-08,3,Iz 19-20,Ksi�ga Izajasza,isaiah,Iz,19,20,1,0,Ksiega-Izajasza
04-08,4,Ps 34,Ksi�ga Psalm�w,psa,Ps,34,0,1,0,Ksiega-Psalmow
04-08,4,2Ts 1,Drugi list �w. Paw�a do Tesaloniczan,2th,2Ts,1,0,1,0,2-list-do-Tesaloniczan
04-08,4,Iz 21-22,Ksi�ga Izajasza,isaiah,Iz,21,22,1,0,Ksiega-Izajasza
05-08,5,Ps 35,Ksi�ga Psalm�w,psa,Ps,35,0,1,0,Ksiega-Psalmow
05-08,5,2Ts 2,Drugi list �w. Paw�a do Tesaloniczan,2th,2Ts,2,0,1,0,2-list-do-Tesaloniczan
05-08,5,Iz 23-24,Ksi�ga Izajasza,isaiah,Iz,23,24,1,0,Ksiega-Izajasza
06-08,6,Ps 36,Ksi�ga Psalm�w,psa,Ps,36,0,1,0,Ksiega-Psalmow
06-08,6,2Ts 3,Drugi list �w. Paw�a do Tesaloniczan,2th,2Ts,3,0,1,0,2-list-do-Tesaloniczan
06-08,6,Iz 25-26,Ksi�ga Izajasza,isaiah,Iz,25,26,1,0,Ksiega-Izajasza
07-08,7,Ps 37,Ksi�ga Psalm�w,psa,Ps,37,0,1,0,Ksiega-Psalmow
07-08,7,1Tm 1,Pierwszy list �w. Paw�a do Tymoteusza,1ti,1Tm,1,0,1,0,1-list-do-Tymoteusza
07-08,7,Iz 27-28,Ksi�ga Izajasza,isaiah,Iz,27,28,1,0,Ksiega-Izajasza
08-08,8,Ps 38,Ksi�ga Psalm�w,psa,Ps,38,0,1,0,Ksiega-Psalmow
08-08,8,1Tm 2,Pierwszy list �w. Paw�a do Tymoteusza,1ti,1Tm,2,0,1,0,1-list-do-Tymoteusza
08-08,8,Iz 29-30,Ksi�ga Izajasza,isaiah,Iz,29,30,1,0,Ksiega-Izajasza
09-08,9,Ps 39,Ksi�ga Psalm�w,psa,Ps,39,0,1,0,Ksiega-Psalmow
09-08,9,1Tm 3,Pierwszy list �w. Paw�a do Tymoteusza,1ti,1Tm,3,0,1,0,1-list-do-Tymoteusza
09-08,9,Iz 31-32,Ksi�ga Izajasza,isaiah,Iz,31,32,1,0,Ksiega-Izajasza
10-08,10,Ps 40,Ksi�ga Psalm�w,psa,Ps,40,0,1,0,Ksiega-Psalmow
10-08,10,1Tm 4,Pierwszy list �w. Paw�a do Tymoteusza,1ti,1Tm,4,0,1,0,1-list-do-Tymoteusza
10-08,10,Iz 33-34,Ksi�ga Izajasza,isaiah,Iz,33,34,1,0,Ksiega-Izajasza
11-08,11,Ps 41,Ksi�ga Psalm�w,psa,Ps,41,0,1,0,Ksiega-Psalmow
11-08,11,1Tm 5,Pierwszy list �w. Paw�a do Tymoteusza,1ti,1Tm,5,0,1,0,1-list-do-Tymoteusza
11-08,11,Iz 35-36,Ksi�ga Izajasza,isaiah,Iz,35,36,1,0,Ksiega-Izajasza
12-08,12,Ps 42,Ksi�ga Psalm�w,psa,Ps,42,0,1,0,Ksiega-Psalmow
12-08,12,1Tm 6,Pierwszy list �w. Paw�a do Tymoteusza,1ti,1Tm,6,0,1,0,1-list-do-Tymoteusza
12-08,12,Iz 37-38,Ksi�ga Izajasza,isaiah,Iz,37,38,1,0,Ksiega-Izajasza
13-08,13,Ps 43,Ksi�ga Psalm�w,psa,Ps,43,0,1,0,Ksiega-Psalmow
13-08,13,2Tm 1,Drugi list �w. Paw�a do Tymoteusza,2ti,2Tm,1,0,1,0,2-list-do-Tymoteusza
13-08,13,Iz 39-40,Ksi�ga Izajasza,isaiah,Iz,39,40,1,0,Ksiega-Izajasza
14-08,14,Ps 44,Ksi�ga Psalm�w,psa,Ps,44,0,1,0,Ksiega-Psalmow
14-08,14,2Tm 2,Drugi list �w. Paw�a do Tymoteusza,2ti,2Tm,2,0,1,0,2-list-do-Tymoteusza
14-08,14,Iz 41-42,Ksi�ga Izajasza,isaiah,Iz,41,42,1,0,Ksiega-Izajasza
15-08,15,Ps 45,Ksi�ga Psalm�w,psa,Ps,45,0,1,0,Ksiega-Psalmow
15-08,15,2Tm 3,Drugi list �w. Paw�a do Tymoteusza,2ti,2Tm,3,0,1,0,2-list-do-Tymoteusza
15-08,15,Iz 43-44,Ksi�ga Izajasza,isaiah,Iz,43,44,1,0,Ksiega-Izajasza
16-08,16,Ps 46,Ksi�ga Psalm�w,psa,Ps,46,0,1,0,Ksiega-Psalmow
16-08,16,2Tm 4,Drugi list �w. Paw�a do Tymoteusza,2ti,2Tm,4,0,1,0,2-list-do-Tymoteusza
16-08,16,Iz 45-46,Ksi�ga Izajasza,isaiah,Iz,45,46,1,0,Ksiega-Izajasza
17-08,17,Ps 47,Ksi�ga Psalm�w,psa,Ps,47,0,1,0,Ksiega-Psalmow
17-08,17,Tt 1,List �w. Paw�a do Tytusa,tit,Tt,1,0,1,0,List-do-Tytusa
17-08,17,Iz 47-48,Ksi�ga Izajasza,isaiah,Iz,47,48,1,0,Ksiega-Izajasza
18-08,18,Ps 48,Ksi�ga Psalm�w,psa,Ps,48,0,1,0,Ksiega-Psalmow
18-08,18,Tt 2,List �w. Paw�a do Tytusa,tit,Tt,2,0,1,0,List-do-Tytusa
18-08,18,Iz 49-50,Ksi�ga Izajasza,isaiah,Iz,49,50,1,0,Ksiega-Izajasza
19-08,19,Ps 49,Ksi�ga Psalm�w,psa,Ps,49,0,1,0,Ksiega-Psalmow
19-08,19,Tt 3,List �w. Paw�a do Tytusa,tit,Tt,3,0,1,0,List-do-Tytusa
19-08,19,Iz 51-52,Ksi�ga Izajasza,isaiah,Iz,51,52,1,0,Ksiega-Izajasza
20-08,20,Ps 50,Ksi�ga Psalm�w,psa,Ps,50,0,1,0,Ksiega-Psalmow
20-08,20,Flm 1,List �w. Paw�a do Filemona,philemon,Flm,1,0,1,0,List-do-Filemona
20-08,20,Iz 53-54,Ksi�ga Izajasza,isaiah,Iz,53,54,1,0,Ksiega-Izajasza
21-08,21,Ps 51,Ksi�ga Psalm�w,psa,Ps,51,0,1,0,Ksiega-Psalmow
21-08,21,Mk 1,Ewangelia �w. Marka,mar,Mk,1,0,1,0,Ewangelia-Marka
21-08,21,Iz 55-56,Ksi�ga Izajasza,isaiah,Iz,55,56,1,0,Ksiega-Izajasza
22-08,22,Ps 52,Ksi�ga Psalm�w,psa,Ps,52,0,1,0,Ksiega-Psalmow
22-08,22,Mk 2,Ewangelia �w. Marka,mar,Mk,2,0,1,0,Ewangelia-Marka
22-08,22,Iz 57-58,Ksi�ga Izajasza,isaiah,Iz,57,58,1,0,Ksiega-Izajasza
23-08,23,Ps 53,Ksi�ga Psalm�w,psa,Ps,53,0,1,0,Ksiega-Psalmow
23-08,23,Mk 3,Ewangelia �w. Marka,mar,Mk,3,0,1,0,Ewangelia-Marka
23-08,23,Iz 59-60,Ksi�ga Izajasza,isaiah,Iz,59,60,1,0,Ksiega-Izajasza
24-08,24,Ps 54,Ksi�ga Psalm�w,psa,Ps,54,0,1,0,Ksiega-Psalmow
24-08,24,Mk 4,Ewangelia �w. Marka,mar,Mk,4,0,1,0,Ewangelia-Marka
24-08,24,Iz 61-62,Ksi�ga Izajasza,isaiah,Iz,61,62,1,0,Ksiega-Izajasza
25-08,25,Ps 55,Ksi�ga Psalm�w,psa,Ps,55,0,1,0,Ksiega-Psalmow
25-08,25,Mk 5,Ewangelia �w. Marka,mar,Mk,5,0,1,0,Ewangelia-Marka
25-08,25,Iz 63-64,Ksi�ga Izajasza,isaiah,Iz,63,64,1,0,Ksiega-Izajasza
26-08,26,Ps 56,Ksi�ga Psalm�w,psa,Ps,56,0,1,0,Ksiega-Psalmow
26-08,26,Mk 6,Ewangelia �w. Marka,mar,Mk,6,0,1,0,Ewangelia-Marka
26-08,26,Iz 65-66,Ksi�ga Izajasza,isaiah,Iz,65,66,1,0,Ksiega-Izajasza
27-08,27,Ps 57,Ksi�ga Psalm�w,psa,Ps,57,0,1,0,Ksiega-Psalmow
27-08,27,Mk 7,Ewangelia �w. Marka,mar,Mk,7,0,1,0,Ewangelia-Marka
27-08,27,2Kr 17,II Ksi�ga Kr�lewska,2ki,2Kr,17,0,1,0,2-Ksiega-Krolewska
28-08,28,Ps 58,Ksi�ga Psalm�w,psa,Ps,58,0,1,0,Ksiega-Psalmow
28-08,28,Mk 8,Ewangelia �w. Marka,mar,Mk,8,0,1,0,Ewangelia-Marka
28-08,28,2Kr 18-1,II Ksi�ga Kr�lewska,2ki,2Kr,18,1,1,0,2-Ksiega-Krolewska
29-08,29,Ps 59,Ksi�ga Psalm�w,psa,Ps,59,0,1,0,Ksiega-Psalmow
29-08,29,Mk 9,Ewangelia �w. Marka,mar,Mk,9,0,1,0,Ewangelia-Marka
29-08,29,2Kn 29-3,II Ksi�ga Kronik,2ch,2Kn,29,3,1,0,2-Ksiega-Kronik
30-08,30,Ps 60,Ksi�ga Psalm�w,psa,Ps,60,0,1,0,Ksiega-Psalmow
30-08,30,Mk 10,Ewangelia �w. Marka,mar,Mk,10,0,1,0,Ewangelia-Marka
30-08,30,2Kn 31-3,II Ksi�ga Kronik,2ch,2Kn,31,3,1,0,2-Ksiega-Kronik
31-08,31,Ps 61,Ksi�ga Psalm�w,psa,Ps,61,0,1,0,Ksiega-Psalmow
31-08,31,Mk 11,Ewangelia �w. Marka,mar,Mk,11,0,1,0,Ewangelia-Marka
31-08,31,Oz 1-3,Ksi�ga Ozeasza,hos,Oz,1,3,1,0,Ksiega-Ozeasza
01-09,1,Ps 62,Ksi�ga Psalm�w,psa,Ps,62,0,1,0,Ksiega-Psalmow
01-09,1,Mk 12,Ewangelia �w. Marka,mar,Mk,12,0,1,0,Ewangelia-Marka
01-09,1,Oz 4-5,Ksi�ga Ozeasza,hos,Oz,4,5,1,0,Ksiega-Ozeasza
02-09,2,Ps 63,Ksi�ga Psalm�w,psa,Ps,63,0,1,0,Ksiega-Psalmow
02-09,2,Mk 13,Ewangelia �w. Marka,mar,Mk,13,0,1,0,Ewangelia-Marka
02-09,2,Oz 6-7,Ksi�ga Ozeasza,hos,Oz,6,7,1,0,Ksiega-Ozeasza
03-09,3,Ps 64,Ksi�ga Psalm�w,psa,Ps,64,0,1,0,Ksiega-Psalmow
03-09,3,Mk 14,Ewangelia �w. Marka,mar,Mk,14,0,1,0,Ewangelia-Marka
03-09,3,Oz 8-10,Ksi�ga Ozeasza,hos,Oz,8,10,1,0,Ksiega-Ozeasza
04-09,4,Ps 65,Ksi�ga Psalm�w,psa,Ps,65,0,1,0,Ksiega-Psalmow
04-09,4,Mk 15,Ewangelia �w. Marka,mar,Mk,15,0,1,0,Ewangelia-Marka
04-09,4,Oz 11-12,Ksi�ga Ozeasza,hos,Oz,11,12,1,0,Ksiega-Ozeasza
05-09,5,Ps 66,Ksi�ga Psalm�w,psa,Ps,66,0,1,0,Ksiega-Psalmow
05-09,5,Mk 16,Ewangelia �w. Marka,mar,Mk,16,0,1,0,Ewangelia-Marka
05-09,5,Oz 13-14,Ksi�ga Ozeasza,hos,Oz,13,14,1,0,Ksiega-Ozeasza
06-09,6,Ps 67,Ksi�ga Psalm�w,psa,Ps,67,0,1,0,Ksiega-Psalmow
06-09,6,Hbr 1,List do Hebrajczyk�w,heb,Hbr,1,0,1,0,List-do-Hebrajczykow
06-09,6,Mi 1-2,Ksi�ga Micheasza,Mi,Mi,1,2,1,0,Ksiega-Micheasza
07-09,7,Ps 68,Ksi�ga Psalm�w,psa,Ps,68,0,1,0,Ksiega-Psalmow
07-09,7,Hbr 2,List do Hebrajczyk�w,heb,Hbr,2,0,1,0,List-do-Hebrajczykow
07-09,7,Mi 3-5,Ksi�ga Micheasza,Mi,Mi,3,5,1,0,Ksiega-Micheasza
08-09,8,Ps 69,Ksi�ga Psalm�w,psa,Ps,69,0,1,0,Ksiega-Psalmow
08-09,8,Hbr 3,List do Hebrajczyk�w,heb,Hbr,3,0,1,0,List-do-Hebrajczykow
08-09,8,Mi 6-7,Ksi�ga Micheasza,Mi,Mi,6,7,1,0,Ksiega-Micheasza
09-09,9,Ps 70,Ksi�ga Psalm�w,psa,Ps,70,0,1,0,Ksiega-Psalmow
09-09,9,Hbr 4,List do Hebrajczyk�w,heb,Hbr,4,0,1,0,List-do-Hebrajczykow
09-09,9,2Kr 20-2,II Ksi�ga Kr�lewska,2ki,2Kr,20,2,1,0,2-Ksiega-Krolewska
10-09,10,Ps 71,Ksi�ga Psalm�w,psa,Ps,71,0,1,0,Ksiega-Psalmow
10-09,10,Hbr 5,List do Hebrajczyk�w,heb,Hbr,5,0,1,0,List-do-Hebrajczykow
10-09,10,2Kn 33-3,II Ksi�ga Kronik,2ch,2Kn,33,3,1,0,2-Ksiega-Kronik
11-09,11,Ps 72,Ksi�ga Psalm�w,psa,Ps,72,0,1,0,Ksiega-Psalmow
11-09,11,Hbr 6,List do Hebrajczyk�w,heb,Hbr,6,0,1,0,List-do-Hebrajczykow
11-09,11,So 1-3,Ksi�ga Sofoniasza,zephaniah,So,1,3,1,0,Ksiega-Sofoniasza
12-09,12,Ps 73,Ksi�ga Psalm�w,psa,Ps,73,0,1,0,Ksiega-Psalmow
12-09,12,Hbr 7,List do Hebrajczyk�w,heb,Hbr,7,0,1,0,List-do-Hebrajczykow
12-09,12,Na 1-3,Ksi�ga Nahuma,Na,Na,1,3,1,0,Ksiega-Nahuma
13-09,13,Ps 74,Ksi�ga Psalm�w,psa,Ps,74,0,1,0,Ksiega-Psalmow
13-09,13,Hbr 8,List do Hebrajczyk�w,heb,Hbr,8,0,1,0,List-do-Hebrajczykow
13-09,13,2Kn 35,II Ksi�ga Kronik,2ch,2Kn,35,0,1,0,2-Ksiega-Kronik
14-09,14,Ps 75,Ksi�ga Psalm�w,psa,Ps,75,0,1,0,Ksiega-Psalmow
14-09,14,Hbr 9,List do Hebrajczyk�w,heb,Hbr,9,0,1,0,List-do-Hebrajczykow
14-09,14,Ha 1-3,Ksi�ga Habakuka,Ha,Ha,1,3,1,0,Ksiega-Habakuka
15-09,15,Ps 76,Ksi�ga Psalm�w,psa,Ps,76,0,1,0,Ksiega-Psalmow
15-09,15,Hbr 10,List do Hebrajczyk�w,heb,Hbr,10,0,1,0,List-do-Hebrajczykow
15-09,15,Jr 1-2,Ksi�ga Jeremiasza,jer,Jr,1,2,1,0,Ksiega-Jeremiasza
16-09,16,Ps 77,Ksi�ga Psalm�w,psa,Ps,77,0,1,0,Ksiega-Psalmow
16-09,16,Hbr 11,List do Hebrajczyk�w,heb,Hbr,11,0,1,0,List-do-Hebrajczykow
16-09,16,Jr 3-4,Ksi�ga Jeremiasza,jer,Jr,3,4,1,0,Ksiega-Jeremiasza
17-09,17,Ps 78,Ksi�ga Psalm�w,psa,Ps,78,0,1,0,Ksiega-Psalmow
17-09,17,Hbr 12,List do Hebrajczyk�w,heb,Hbr,12,0,1,0,List-do-Hebrajczykow
17-09,17,Jr 5-6,Ksi�ga Jeremiasza,jer,Jr,5,6,1,0,Ksiega-Jeremiasza
18-09,18,Ps 79,Ksi�ga Psalm�w,psa,Ps,79,0,1,0,Ksiega-Psalmow
18-09,18,Hbr 13,List do Hebrajczyk�w,heb,Hbr,13,0,1,0,List-do-Hebrajczykow
18-09,18,Jr 11-12,Ksi�ga Jeremiasza,jer,Jr,11,12,1,0,Ksiega-Jeremiasza
19-09,19,Ps 80,Ksi�ga Psalm�w,psa,Ps,80,0,1,0,Ksiega-Psalmow
19-09,19,�k 1,Ewangelia �w. �ukasza,luk,�k,1,0,1,0,Ewangelia-Lukasza
19-09,19,Jr 26,Ksi�ga Jeremiasza,jer,Jr,26,0,1,0,Ksiega-Jeremiasza
20-09,20,Ps 81,Ksi�ga Psalm�w,psa,Ps,81,0,1,0,Ksiega-Psalmow
20-09,20,�k 2,Ewangelia �w. �ukasza,luk,�k,2,0,1,0,Ewangelia-Lukasza
20-09,20,Jr 7-8,Ksi�ga Jeremiasza,jer,Jr,7,8,1,0,Ksiega-Jeremiasza
21-09,21,Ps 82,Ksi�ga Psalm�w,psa,Ps,82,0,1,0,Ksiega-Psalmow
21-09,21,�k 3,Ewangelia �w. �ukasza,luk,�k,3,0,1,0,Ewangelia-Lukasza
21-09,21,Jr 9-10,Ksi�ga Jeremiasza,jer,Jr,9,10,1,0,Ksiega-Jeremiasza
22-09,22,Ps 83,Ksi�ga Psalm�w,psa,Ps,83,0,1,0,Ksiega-Psalmow
22-09,22,�k 4,Ewangelia �w. �ukasza,luk,�k,4,0,1,0,Ewangelia-Lukasza
22-09,22,Jr 14-15,Ksi�ga Jeremiasza,jer,Jr,14,15,1,0,Ksiega-Jeremiasza
23-09,23,Ps 84,Ksi�ga Psalm�w,psa,Ps,84,0,1,0,Ksiega-Psalmow
23-09,23,�k 5,Ewangelia �w. �ukasza,luk,�k,5,0,1,0,Ewangelia-Lukasza
23-09,23,Jr 16-17,Ksi�ga Jeremiasza,jer,Jr,16,17,1,0,Ksiega-Jeremiasza
24-09,24,Ps 85,Ksi�ga Psalm�w,psa,Ps,85,0,1,0,Ksiega-Psalmow
24-09,24,�k 6,Ewangelia �w. �ukasza,luk,�k,6,0,1,0,Ewangelia-Lukasza
24-09,24,Jr 18-20,Ksi�ga Jeremiasza,jer,Jr,18,20,1,0,Ksiega-Jeremiasza
25-09,25,Ps 86,Ksi�ga Psalm�w,psa,Ps,86,0,1,0,Ksiega-Psalmow
25-09,25,�k 7,Ewangelia �w. �ukasza,luk,�k,7,0,1,0,Ewangelia-Lukasza
25-09,25,Jr 35-36,Ksi�ga Jeremiasza,jer,Jr,35,36,1,0,Ksiega-Jeremiasza
26-09,26,Ps 87,Ksi�ga Psalm�w,psa,Ps,87,0,1,0,Ksiega-Psalmow
26-09,26,�k 8,Ewangelia �w. �ukasza,luk,�k,8,0,1,0,Ewangelia-Lukasza
26-09,26,Jr 13,Ksi�ga Jeremiasza,jer,Jr,13,0,1,0,Ksiega-Jeremiasza
26-09,26,Jr 22,Ksi�ga Jeremiasza,jer,Jr,22,0,1,0,Ksiega-Jeremiasza
27-09,27,Ps 88,Ksi�ga Psalm�w,psa,Ps,88,0,1,0,Ksiega-Psalmow
27-09,27,�k 9,Ewangelia �w. �ukasza,luk,�k,9,0,1,0,Ewangelia-Lukasza
27-09,27,Jr 23-24,Ksi�ga Jeremiasza,jer,Jr,23,24,1,0,Ksiega-Jeremiasza
28-09,28,Ps 89,Ksi�ga Psalm�w,psa,Ps,89,0,1,0,Ksiega-Psalmow
28-09,28,�k 10,Ewangelia �w. �ukasza,luk,�k,10,0,1,0,Ewangelia-Lukasza
28-09,28,2Kr 22-2,II Ksi�ga Kr�lewska,2ki,2Kr,22,2,1,0,2-Ksiega-Krolewska
29-09,29,Ps 90,Ksi�ga Psalm�w,psa,Ps,90,0,1,0,Ksiega-Psalmow
29-09,29,�k 11,Ewangelia �w. �ukasza,luk,�k,11,0,1,0,Ewangelia-Lukasza
29-09,29,2Kn 6:1-8,II Ksi�ga Kronik,2ch,2Kn,6,0,1,8,2-Ksiega-Kronik
30-09,30,Ps 91,Ksi�ga Psalm�w,psa,Ps,91,0,1,0,Ksiega-Psalmow
30-09,30,�k 12,Ewangelia �w. �ukasza,luk,�k,12,0,1,0,Ewangelia-Lukasza
30-09,30,Dn 1-2,Ksi�ga Daniela,dan,Dn,1,2,1,0,Ksiega-Daniela
01-10,1,Ps 92,Ksi�ga Psalm�w,psa,Ps,92,0,1,0,Ksiega-Psalmow
01-10,1,�k 13,Ewangelia �w. �ukasza,luk,�k,13,0,1,0,Ewangelia-Lukasza
01-10,1,Dn 3-4,Ksi�ga Daniela,dan,Dn,3,4,1,0,Ksiega-Daniela
02-10,2,Ps 93,Ksi�ga Psalm�w,psa,Ps,93,0,1,0,Ksiega-Psalmow
02-10,2,�k 14,Ewangelia �w. �ukasza,luk,�k,14,0,1,0,Ewangelia-Lukasza
02-10,2,Dn 7-8,Ksi�ga Daniela,dan,Dn,7,8,1,0,Ksiega-Daniela
03-10,3,Ps 94,Ksi�ga Psalm�w,psa,Ps,94,0,1,0,Ksiega-Psalmow
03-10,3,�k 15,Ewangelia �w. �ukasza,luk,�k,15,0,1,0,Ewangelia-Lukasza
03-10,3,Dn 5-6,Ksi�ga Daniela,dan,Dn,5,6,1,0,Ksiega-Daniela
04-10,4,Ps 95,Ksi�ga Psalm�w,psa,Ps,95,0,1,0,Ksiega-Psalmow
04-10,4,�k 16,Ewangelia �w. �ukasza,luk,�k,16,0,1,0,Ewangelia-Lukasza
04-10,4,Dn 9-10,Ksi�ga Daniela,dan,Dn,9,10,1,0,Ksiega-Daniela
05-10,5,Ps 96,Ksi�ga Psalm�w,psa,Ps,96,0,1,0,Ksiega-Psalmow
05-10,5,�k 17,Ewangelia �w. �ukasza,luk,�k,17,0,1,0,Ewangelia-Lukasza
05-10,5,Dn 11-12,Ksi�ga Daniela,dan,Dn,11,12,1,0,Ksiega-Daniela
06-10,6,Ps 97,Ksi�ga Psalm�w,psa,Ps,97,0,1,0,Ksiega-Psalmow
06-10,6,�k 18,Ewangelia �w. �ukasza,luk,�k,18,0,1,0,Ewangelia-Lukasza
06-10,6,2Kr 24-25,II Ksi�ga Kr�lewska,2ki,2Kr,24,25,1,0,2-Ksiega-Krolewska
07-10,7,Ps 98,Ksi�ga Psalm�w,psa,Ps,98,0,1,0,Ksiega-Psalmow
07-10,7,�k 19,Ewangelia �w. �ukasza,luk,�k,19,0,1,0,Ewangelia-Lukasza
07-10,7,2Kn 36:9-10,II Ksi�ga Kronik,2ch,2Kn,36,0,9,10,2-Ksiega-Kronik
07-10,7,Ez 1,Ksi�ga Ezechiela,ezek,Ez,1,0,1,0,Ksiega-Ezechiela
08-10,8,Ps 99,Ksi�ga Psalm�w,psa,Ps,99,0,1,0,Ksiega-Psalmow
08-10,8,�k 20,Ewangelia �w. �ukasza,luk,�k,20,0,1,0,Ewangelia-Lukasza
08-10,8,Ez 2-3,Ksi�ga Ezechiela,ezek,Ez,2,3,1,0,Ksiega-Ezechiela
09-10,9,Ps 100,Ksi�ga Psalm�w,psa,Ps,100,0,1,0,Ksiega-Psalmow
09-10,9,�k 21,Ewangelia �w. �ukasza,luk,�k,21,0,1,0,Ewangelia-Lukasza
09-10,9,Ez 4-6,Ksi�ga Ezechiela,ezek,Ez,4,6,1,0,Ksiega-Ezechiela
10-10,10,Ps 101,Ksi�ga Psalm�w,psa,Ps,101,0,1,0,Ksiega-Psalmow
10-10,10,�k 22,Ewangelia �w. �ukasza,luk,�k,22,0,1,0,Ewangelia-Lukasza
10-10,10,Ez 7-8,Ksi�ga Ezechiela,ezek,Ez,7,8,1,0,Ksiega-Ezechiela
11-10,11,Ps 102,Ksi�ga Psalm�w,psa,Ps,102,0,1,0,Ksiega-Psalmow
11-10,11,�k 23,Ewangelia �w. �ukasza,luk,�k,23,0,1,0,Ewangelia-Lukasza
11-10,11,Ez 9-10,Ksi�ga Ezechiela,ezek,Ez,9,10,1,0,Ksiega-Ezechiela
12-10,12,Ps 103,Ksi�ga Psalm�w,psa,Ps,103,0,1,0,Ksiega-Psalmow
12-10,12,�k 24,Ewangelia �w. �ukasza,luk,�k,24,0,1,0,Ewangelia-Lukasza
12-10,12,Ez 11-12,Ksi�ga Ezechiela,ezek,Ez,11,12,1,0,Ksiega-Ezechiela
13-10,13,Ps 104,Ksi�ga Psalm�w,psa,Ps,104,0,1,0,Ksiega-Psalmow
13-10,13,Jk 1,List �w. Jakuba,james,Jk,1,0,1,0,List-Jakuba
13-10,13,Ez 13-14,Ksi�ga Ezechiela,ezek,Ez,13,14,1,0,Ksiega-Ezechiela
14-10,14,Ps 105,Ksi�ga Psalm�w,psa,Ps,105,0,1,0,Ksiega-Psalmow
14-10,14,Jk 2,List �w. Jakuba,james,Jk,2,0,1,0,List-Jakuba
14-10,14,Ez 15-16,Ksi�ga Ezechiela,ezek,Ez,15,16,1,0,Ksiega-Ezechiela
15-10,15,Ps 106,Ksi�ga Psalm�w,psa,Ps,106,0,1,0,Ksiega-Psalmow
15-10,15,Jk 3,List �w. Jakuba,james,Jk,3,0,1,0,List-Jakuba
15-10,15,Ez 17-18,Ksi�ga Ezechiela,ezek,Ez,17,18,1,0,Ksiega-Ezechiela
16-10,16,Ps 107,Ksi�ga Psalm�w,psa,Ps,107,0,1,0,Ksiega-Psalmow
16-10,16,Jk 4,List �w. Jakuba,james,Jk,4,0,1,0,List-Jakuba
16-10,16,Ez 19-20,Ksi�ga Ezechiela,ezek,Ez,19,20,1,0,Ksiega-Ezechiela
17-10,17,Ps 108,Ksi�ga Psalm�w,psa,Ps,108,0,1,0,Ksiega-Psalmow
17-10,17,Jk 5,List �w. Jakuba,james,Jk,5,0,1,0,List-Jakuba
17-10,17,Ez 21-22,Ksi�ga Ezechiela,ezek,Ez,21,22,1,0,Ksiega-Ezechiela
18-10,18,Ps 107,Ksi�ga Psalm�w,psa,Ps,107,0,1,0,Ksiega-Psalmow
18-10,18,1Pt 1,Pierwszy list �w. Piotra,1pe,1Pt,1,0,1,0,1-list-Piotra
18-10,18,Ez 23-24,Ksi�ga Ezechiela,ezek,Ez,23,24,1,0,Ksiega-Ezechiela
19-10,19,Ps 110,Ksi�ga Psalm�w,psa,Ps,110,0,1,0,Ksiega-Psalmow
19-10,19,1Pt 2,Pierwszy list �w. Piotra,1pe,1Pt,2,0,1,0,1-list-Piotra
19-10,19,Ez 29:1-16,Ksi�ga Ezechiela,ezek,Ez,29,0,1,16,Ksiega-Ezechiela
19-10,19,Ez 25,Ksi�ga Ezechiela,ezek,Ez,25,0,1,0,Ksiega-Ezechiela
20-10,20,Ps 111,Ksi�ga Psalm�w,psa,Ps,111,0,1,0,Ksiega-Psalmow
20-10,20,1Pt 3,Pierwszy list �w. Piotra,1pe,1Pt,3,0,1,0,1-list-Piotra
20-10,20,Ez 26-27,Ksi�ga Ezechiela,ezek,Ez,26,27,1,0,Ksiega-Ezechiela
21-10,21,Ps 112,Ksi�ga Psalm�w,psa,Ps,112,0,1,0,Ksiega-Psalmow
21-10,21,1Pt 4,Pierwszy list �w. Piotra,1pe,1Pt,4,0,1,0,1-list-Piotra
21-10,21,Ez 28,Ksi�ga Ezechiela,ezek,Ez,28,0,1,0,Ksiega-Ezechiela
21-10,21,Ez 30:20-26,Ksi�ga Ezechiela,ezek,Ez,30,0,20,26,Ksiega-Ezechiela
22-10,22,Ps 113,Ksi�ga Psalm�w,psa,Ps,113,0,1,0,Ksiega-Psalmow
22-10,22,1Pt 5,Pierwszy list �w. Piotra,1pe,1Pt,5,0,1,0,1-list-Piotra
22-10,22,Ez 31-32,Ksi�ga Ezechiela,ezek,Ez,31,32,1,0,Ksiega-Ezechiela
23-10,23,Ps 114,Ksi�ga Psalm�w,psa,Ps,114,0,1,0,Ksiega-Psalmow
23-10,23,2Pt 1,Drugi list �w. Piotra,2pe,2Pt,1,0,1,0,2-list-Piotra
23-10,23,Ez 33-35,Ksi�ga Ezechiela,ezek,Ez,33,35,1,0,Ksiega-Ezechiela
24-10,24,Ps 115,Ksi�ga Psalm�w,psa,Ps,115,0,1,0,Ksiega-Psalmow
24-10,24,2Pt 2,Drugi list �w. Piotra,2pe,2Pt,2,0,1,0,2-list-Piotra
24-10,24,Ez 36-37,Ksi�ga Ezechiela,ezek,Ez,36,37,1,0,Ksiega-Ezechiela
25-10,25,Ps 116,Ksi�ga Psalm�w,psa,Ps,116,0,1,0,Ksiega-Psalmow
25-10,25,2Pt 3,Drugi list �w. Piotra,2pe,2Pt,3,0,1,0,2-list-Piotra
25-10,25,Ez 38-39,Ksi�ga Ezechiela,ezek,Ez,38,39,1,0,Ksiega-Ezechiela
26-10,26,Ps 117,Ksi�ga Psalm�w,psa,Ps,117,0,1,0,Ksiega-Psalmow
26-10,26,Jn 1,Pierwszy list �w. Jana,1j,1Jn,1,0,1,0,1-list-Jana
26-10,26,Ez 40-41,Ksi�ga Ezechiela,ezek,Ez,40,41,1,0,Ksiega-Ezechiela
27-10,27,Ps 118,Ksi�ga Psalm�w,psa,Ps,118,0,1,0,Ksiega-Psalmow
27-10,27,Jn 2,Pierwszy list �w. Jana,1j,1Jn,2,0,1,0,1-list-Jana
27-10,27,Ez 42-43,Ksi�ga Ezechiela,ezek,Ez,42,43,1,0,Ksiega-Ezechiela
28-10,28,Ps 119:1-88,Ksi�ga Psalm�w,psa,Ps,119,0,1,88,Ksiega-Psalmow
28-10,28,Jn 3,Pierwszy list �w. Jana,1j,1Jn,3,0,1,0,1-list-Jana
28-10,28,Ez 44-45,Ksi�ga Ezechiela,ezek,Ez,44,45,1,0,Ksiega-Ezechiela
29-10,29,Ps 119:89-176,Ksi�ga Psalm�w,psa,Ps,119,0,89,176,Ksiega-Psalmow
29-10,29,Jn 4,Pierwszy list �w. Jana,1j,1Jn,4,0,1,0,1-list-Jana
29-10,29,Ez 46-47,Ksi�ga Ezechiela,ezek,Ez,46,47,1,0,Ksiega-Ezechiela
30-10,30,Ps 120,Ksi�ga Psalm�w,psa,Ps,120,0,1,0,Ksiega-Psalmow
30-10,30,Jn 5,Pierwszy list �w. Jana,1j,1Jn,5,0,1,0,1-list-Jana
30-10,30,Ez 48,Ksi�ga Ezechiela,ezek,Ez,48,0,1,0,Ksiega-Ezechiela
30-10,30,Ez 29:17 - 30:19,Ksi�ga Ezechiela,ezek,Ez,29,30,17,19,Ksiega-Ezechiela
31-10,31,Ps 121,Ksi�ga Psalm�w,psa,Ps,121,0,1,0,Ksiega-Psalmow
31-10,31,2Jn 1,Drugi list �w. Jana,2j,2Jn,1,0,1,0,2-list-Jana
31-10,31,Jr 25,Ksi�ga Jeremiasza,jer,Jr,25,0,1,0,Ksiega-Jeremiasza
31-10,31,Jr 45,Ksi�ga Jeremiasza,jer,Jr,45,0,1,0,Ksiega-Jeremiasza
01-11,1,Ps 122,Ksi�ga Psalm�w,psa,Ps,122,0,1,0,Ksiega-Psalmow
01-11,1,3Jn 1,Trzeci list �w. Jana,3j,3Jn,1,0,1,0,3-list-Jana
01-11,1,Jr 46-47,Ksi�ga Jeremiasza,jer,Jr,46,47,1,0,Ksiega-Jeremiasza
02-11,2,Ps 123,Ksi�ga Psalm�w,psa,Ps,123,0,1,0,Ksiega-Psalmow
02-11,2,Jd 1,List �w. Judy,jud,Jd,1,0,1,0,List-Judy
02-11,2,Jr 48-49,Ksi�ga Jeremiasza,jer,Jr,48,49,1,0,Ksiega-Jeremiasza
03-11,3,Ps 124,Ksi�ga Psalm�w,psa,Ps,124,0,1,0,Ksiega-Psalmow
03-11,3,Jn 1,Ewangelia �w. Jana,joh,Jn,1,0,1,0,Ewangelia-Jana
03-11,3,2Kn 36:11-21,II Ksi�ga Kronik,2ch,2Kn,36,0,11,21,2-Ksiega-Kronik
03-11,3,Jr 27,Ksi�ga Jeremiasza,jer,Jr,27,0,1,0,Ksiega-Jeremiasza
04-11,4,Ps 125,Ksi�ga Psalm�w,psa,Ps,125,0,1,0,Ksiega-Psalmow
04-11,4,Jn 2,Ewangelia �w. Jana,joh,Jn,2,0,1,0,Ewangelia-Jana
04-11,4,Jr 28-29,Ksi�ga Jeremiasza,jer,Jr,28,29,1,0,Ksiega-Jeremiasza
05-11,5,Ps 126,Ksi�ga Psalm�w,psa,Ps,126,0,1,0,Ksiega-Psalmow
05-11,5,Jn 3,Ewangelia �w. Jana,joh,Jn,3,0,1,0,Ewangelia-Jana
05-11,5,Jr 50-51,Ksi�ga Jeremiasza,jer,Jr,50,51,1,0,Ksiega-Jeremiasza
06-11,6,Ps 127,Ksi�ga Psalm�w,psa,Ps,127,0,1,0,Ksiega-Psalmow
06-11,6,Jn 4,Ewangelia �w. Jana,joh,Jn,4,0,1,0,Ewangelia-Jana
06-11,6,Jr 30-31,Ksi�ga Jeremiasza,jer,Jr,30,31,1,0,Ksiega-Jeremiasza
07-11,7,Ps 128,Ksi�ga Psalm�w,psa,Ps,128,0,1,0,Ksiega-Psalmow
07-11,7,Jn 5,Ewangelia �w. Jana,joh,Jn,5,0,1,0,Ewangelia-Jana
07-11,7,Jr 32-33,Ksi�ga Jeremiasza,jer,Jr,32,33,1,0,Ksiega-Jeremiasza
08-11,8,Ps 129,Ksi�ga Psalm�w,psa,Ps,129,0,1,0,Ksiega-Psalmow
08-11,8,Jn 6,Ewangelia �w. Jana,joh,Jn,6,0,1,0,Ewangelia-Jana
08-11,8,Jr 21,Ksi�ga Jeremiasza,jer,Jr,21,0,1,0,Ksiega-Jeremiasza
08-11,8,Jr 34,Ksi�ga Jeremiasza,jer,Jr,34,0,1,0,Ksiega-Jeremiasza
09-11,9,Ps 130,Ksi�ga Psalm�w,psa,Ps,130,0,1,0,Ksiega-Psalmow
09-11,9,Jn 7,Ewangelia �w. Jana,joh,Jn,7,0,1,0,Ewangelia-Jana
09-11,9,Jr 37-38,Ksi�ga Jeremiasza,jer,Jr,37,38,1,0,Ksiega-Jeremiasza
10-11,10,Ps 131,Ksi�ga Psalm�w,psa,Ps,131,0,1,0,Ksiega-Psalmow
10-11,10,Jn 8,Ewangelia �w. Jana,joh,Jn,8,0,1,0,Ewangelia-Jana
10-11,10,Jr 39,Ksi�ga Jeremiasza,jer,Jr,39,0,1,0,Ksiega-Jeremiasza
10-11,10,Jr 52,Ksi�ga Jeremiasza,jer,Jr,52,0,1,0,Ksiega-Jeremiasza
11-11,11,Ps 132,Ksi�ga Psalm�w,psa,Ps,132,0,1,0,Ksiega-Psalmow
11-11,11,Jn 9,Ewangelia �w. Jana,joh,Jn,9,0,1,0,Ewangelia-Jana
11-11,11,Jr 40-42,Ksi�ga Jeremiasza,jer,Jr,40,42,1,0,Ksiega-Jeremiasza
12-11,12,Ps 133,Ksi�ga Psalm�w,psa,Ps,133,0,1,0,Ksiega-Psalmow
12-11,12,Jn 10,Ewangelia �w. Jana,joh,Jn,10,0,1,0,Ewangelia-Jana
12-11,12,Jr 43-44,Ksi�ga Jeremiasza,jer,Jr,43,44,1,0,Ksiega-Jeremiasza
13-11,13,Ps 134,Ksi�ga Psalm�w,psa,Ps,134,0,1,0,Ksiega-Psalmow
13-11,13,Jn 11,Ewangelia �w. Jana,joh,Jn,11,0,1,0,Ewangelia-Jana
13-11,13,Tr 1-2,Treny,lam,Tr,1,2,1,0,Treny
14-11,14,Ps 135,Ksi�ga Psalm�w,psa,Ps,135,0,1,0,Ksiega-Psalmow
14-11,14,Jn 12,Ewangelia �w. Jana,joh,Jn,12,0,1,0,Ewangelia-Jana
14-11,14,Tr 3,Treny,lam,Tr,3,0,1,0,Treny
15-11,15,Ps 136,Ksi�ga Psalm�w,psa,Ps,136,0,1,0,Ksiega-Psalmow
15-11,15,Jn 13,Ewangelia �w. Jana,joh,Jn,13,0,1,0,Ewangelia-Jana
15-11,15,Tr 4-5,Treny,lam,Tr,4,5,1,0,Treny
16-11,16,Ps 137,Ksi�ga Psalm�w,psa,Ps,137,0,1,0,Ksiega-Psalmow
16-11,16,Jn 14,Ewangelia �w. Jana,joh,Jn,14,0,1,0,Ewangelia-Jana
16-11,16,2Kn 36: 22-23,II Ksi�ga Kronik,2ch,2Kn,36,0,22,23,2-Ksiega-Kronik
17-11,17,Ps 138,Ksi�ga Psalm�w,psa,Ps,138,0,1,0,Ksiega-Psalmow
17-11,17,Jn 15,Ewangelia �w. Jana,joh,Jn,15,0,1,0,Ewangelia-Jana
17-11,17,Ezd 1-2,Ksi�ga Ezdrasza,ezra,Ezd,1,2,1,0,Ksiega-Ezdrasza
18-11,18,Ps 139,Ksi�ga Psalm�w,psa,Ps,139,0,1,0,Ksiega-Psalmow
18-11,18,Jn 16,Ewangelia �w. Jana,joh,Jn,16,0,1,0,Ewangelia-Jana
18-11,18,Ezd 3-4,Ksi�ga Ezdrasza,ezra,Ezd,3,4,1,0,Ksiega-Ezdrasza
19-11,19,Ps 140,Ksi�ga Psalm�w,psa,Ps,140,0,1,0,Ksiega-Psalmow
19-11,19,Jn 17,Ewangelia �w. Jana,joh,Jn,17,0,1,0,Ewangelia-Jana
19-11,19,Ag 1-2,Ksi�ga Aggeusza,haggai,Ag,1,2,1,0,Ksiega-Aggeusza
20-11,20,Ps 141,Ksi�ga Psalm�w,psa,Ps,141,0,1,0,Ksiega-Psalmow
20-11,20,Jn 18,Ewangelia �w. Jana,joh,Jn,18,0,1,0,Ewangelia-Jana
20-11,20,Za 1-3,Ksi�ga Zachariasza,zach,Za,1,3,1,0,Ksiega-Zachariasza
21-11,21,Ps l42,Ksi�ga Psalm�w,psa,Ps,142,0,1,0,Ksiega-Psalmow
21-11,21,Jn 19,Ewangelia �w. Jana,joh,Jn,19,0,1,0,Ewangelia-Jana
21-11,21,Za 4-6,Ksi�ga Zachariasza,zach,Za,4,6,1,0,Ksiega-Zachariasza
22-11,22,Ps l43,Ksi�ga Psalm�w,psa,Ps,143,0,1,0,Ksiega-Psalmow
22-11,22,Jn 20,Ewangelia �w. Jana,joh,Jn,20,0,1,0,Ewangelia-Jana
22-11,22,Za 7-8,Ksi�ga Zachariasza,zach,Za,7,8,1,0,Ksiega-Zachariasza
23-11,23,Ps l44,Ksi�ga Psalm�w,psa,Ps,144,0,1,0,Ksiega-Psalmow
23-11,23,Jn 21,Ewangelia �w. Jana,joh,Jn,21,0,1,0,Ewangelia-Jana
23-11,23,Za 9-10,Ksi�ga Zachariasza,zach,Za,9,10,1,0,Ksiega-Zachariasza
24-11,24,Ps 145,Ksi�ga Psalm�w,psa,Ps,145,0,1,0,Ksiega-Psalmow
24-11,24,Obj 1,Objawienie �w. Jana,rev,Obj,1,0,1,0,Objawienie-Swietego-Jana
24-11,24,Za 11-12,Ksi�ga Zachariasza,zach,Za,11,12,1,0,Ksiega-Zachariasza
25-11,25,Ps l46,Ksi�ga Psalm�w,psa,Ps,146,0,1,0,Ksiega-Psalmow
25-11,25,Obj 2,Objawienie �w. Jana,rev,Obj,2,0,1,0,Objawienie-Swietego-Jana
25-11,25,Za 13-14,Ksi�ga Zachariasza,zach,Za,13,14,1,0,Ksiega-Zachariasza
26-11,26,Ps l47,Ksi�ga Psalm�w,psa,Ps,147,0,1,0,Ksiega-Psalmow
26-11,26,Obj 3,Objawienie �w. Jana,rev,Obj,3,0,1,0,Objawienie-Swietego-Jana
26-11,26,Ezd 5-6,Ksi�ga Ezdrasza,ezra,Ezd,5,6,1,0,Ksiega-Ezdrasza
27-11,27,Ps 148,Ksi�ga Psalm�w,psa,Ps,148,0,1,0,Ksiega-Psalmow
27-11,27,Obj 4,Objawienie �w. Jana,rev,Obj,4,0,1,0,Objawienie-Swietego-Jana
27-11,27,Est 1-2,Ksi�ga Estery,est,Est,1,2,1,0,Ksiega-Estery
28-11,28,Ps 149,Ksi�ga Psalm�w,psa,Ps,149,0,1,0,Ksiega-Psalmow
28-11,28,Obj 5,Objawienie �w. Jana,rev,Obj,5,0,1,0,Objawienie-Swietego-Jana
28-11,28,Est 3-4,Ksi�ga Estery,est,Est,3,4,1,0,Ksiega-Estery
29-11,29,Ps l50,Ksi�ga Psalm�w,psa,Ps,150,0,1,0,Ksiega-Psalmow
29-11,29,Obj 6,Objawienie �w. Jana,rev,Obj,6,0,1,0,Objawienie-Swietego-Jana
29-11,29,Est 5-6,Ksi�ga Estery,est,Est,5,6,1,0,Ksiega-Estery
30-11,30,Prz 1,Przypowie�ci Salomona,proverbs,Prz,1,0,1,0,Przypowiesci-Salomona
30-11,30,Obj 7,Objawienie �w. Jana,rev,Obj,7,0,1,0,Objawienie-Swietego-Jana
30-11,30,Est 7-8,Ksi�ga Estery,est,Est,7,8,1,0,Ksiega-Estery
01-12,1,Prz 2,Przypowie�ci Salomona,proverbs,Prz,2,0,1,0,Przypowiesci-Salomona
01-12,1,Obj 8,Objawienie �w. Jana,rev,Obj,8,0,1,0,Objawienie-Swietego-Jana
01-12,1,Est 9-10,Ksi�ga Estery,est,Est,9,10,1,0,Ksiega-Estery
02-12,2,Prz 3,Przypowie�ci Salomona,proverbs,Prz,3,0,1,0,Przypowiesci-Salomona
02-12,2,Obj 9,Objawienie �w. Jana,rev,Obj,9,0,1,0,Objawienie-Swietego-Jana
02-12,2,Ezd 7-8,Ksi�ga Ezdrasza,ezra,Ezd,7,8,1,0,Ksiega-Ezdrasza
03-12,3,Prz 4,Przypowie�ci Salomona,proverbs,Prz,4,0,1,0,Przypowiesci-Salomona
03-12,3,Obj 10,Objawienie �w. Jana,rev,Obj,10,0,1,0,Objawienie-Swietego-Jana
03-12,3,Ezd 9-10,Ksi�ga Ezdrasza,ezra,Ezd,9,10,1,0,Ksiega-Ezdrasza
04-12,4,Prz 5,Przypowie�ci Salomona,proverbs,Prz,5,0,1,0,Przypowiesci-Salomona
04-12,4,Obj 11,Objawienie �w. Jana,rev,Obj,11,0,1,0,Objawienie-Swietego-Jana
04-12,4,Neh 1-3,Ksi�ga Nehemiasza,neh,Neh,1,3,1,0,Ksiega-Nehemiasza
05-12,5,Prz 6,Przypowie�ci Salomona,proverbs,Prz,6,0,1,0,Przypowiesci-Salomona
05-12,5,Obj 12,Objawienie �w. Jana,rev,Obj,12,0,1,0,Objawienie-Swietego-Jana
05-12,5,Neh 4-5,Ksi�ga Nehemiasza,neh,Neh,4,5,1,0,Ksiega-Nehemiasza
06-12,6,Prz 7,Przypowie�ci Salomona,proverbs,Prz,7,0,1,0,Przypowiesci-Salomona
06-12,6,Obj 13,Objawienie �w. Jana,rev,Obj,13,0,1,0,Objawienie-Swietego-Jana
06-12,6,Neh 6-7,Ksi�ga Nehemiasza,neh,Neh,6,7,1,0,Ksiega-Nehemiasza
07-12,7,Prz 8,Przypowie�ci Salomona,proverbs,Prz,8,0,1,0,Przypowiesci-Salomona
07-12,7,Obj 14,Objawienie �w. Jana,rev,Obj,14,0,1,0,Objawienie-Swietego-Jana
07-12,7,Neh 8-9,Ksi�ga Nehemiasza,neh,Neh,8,9,1,0,Ksiega-Nehemiasza
08-12,8,Prz 9,Przypowie�ci Salomona,proverbs,Prz,9,0,1,0,Przypowiesci-Salomona
08-12,8,Obj 15,Objawienie �w. Jana,rev,Obj,15,0,1,0,Objawienie-Swietego-Jana
08-12,8,Neh 10-11,Ksi�ga Nehemiasza,neh,Neh,10,11,1,0,Ksiega-Nehemiasza
09-12,9,Prz 10,Przypowie�ci Salomona,proverbs,Prz,10,0,1,0,Przypowiesci-Salomona
09-12,9,Obj 16,Objawienie �w. Jana,rev,Obj,16,0,1,0,Objawienie-Swietego-Jana
09-12,9,Neh 12-13,Ksi�ga Nehemiasza,neh,Neh,12,13,1,0,Ksiega-Nehemiasza
10-12,10,Prz 11,Przypowie�ci Salomona,proverbs,Prz,11,0,1,0,Przypowiesci-Salomona
10-12,10,Obj 17,Objawienie �w. Jana,rev,Obj,17,0,1,0,Objawienie-Swietego-Jana
10-12,10,Ml 1-2,Ksi�ga Malachiasza,mal,Ml,1,2,1,0,Ksiega-Malachiasza
11-12,11,Prz 12,Przypowie�ci Salomona,proverbs,Prz,12,0,1,0,Przypowiesci-Salomona
11-12,11,Obj 18,Objawienie �w. Jana,rev,Obj,18,0,1,0,Objawienie-Swietego-Jana
11-12,11,Ml 3-4,Ksi�ga Malachiasza,mal,Ml,3,4,1,0,Ksiega-Malachiasza
12-12,12,Prz 13,Przypowie�ci Salomona,proverbs,Prz,13,0,1,0,Przypowiesci-Salomona
12-12,12,Obj 19,Objawienie �w. Jana,rev,Obj,19,0,1,0,Objawienie-Swietego-Jana
12-12,12,Jb 1-2*,Ksi�ga Joba,job,Jb,1,2,1,0,Ksiega-Joba
13-12,13,Prz 14,Przypowie�ci Salomona,proverbs,Prz,14,0,1,0,Przypowiesci-Salomona
13-12,13,Obj 20,Objawienie �w. Jana,rev,Obj,20,0,1,0,Objawienie-Swietego-Jana
13-12,13,Jb 3-5,Ksi�ga Joba,job,Jb,3,5,1,0,Ksiega-Joba
14-12,14,Prz 15,Przypowie�ci Salomona,proverbs,Prz,15,0,1,0,Przypowiesci-Salomona
14-12,14,Obj 21,Objawienie �w. Jana,rev,Obj,21,0,1,0,Objawienie-Swietego-Jana
14-12,14,Jb 6-7,Ksi�ga Joba,job,Jb,6,7,1,0,Ksiega-Joba
15-12,15,Prz 16,Przypowie�ci Salomona,proverbs,Prz,16,0,1,0,Przypowiesci-Salomona
15-12,15,Obj 22,Objawienie �w. Jana,rev,Obj,22,0,1,0,Objawienie-Swietego-Jana
15-12,15,Jb 8-10,Ksi�ga Joba,job,Jb,8,10,1,0,Ksiega-Joba
16-12,16,Prz 17,Przypowie�ci Salomona,proverbs,Prz,17,0,1,0,Przypowiesci-Salomona
16-12,16,Hbr 11,List do Hebrajczyk�w,heb,Hbr,11,0,1,0,List-do-Hebrajczykow
16-12,16,Jb 11-12,Ksi�ga Joba,job,Jb,11,12,1,0,Ksiega-Joba
17-12,17,Prz 18,Przypowie�ci Salomona,proverbs,Prz,18,0,1,0,Przypowiesci-Salomona
17-12,17,Hbr 12,List do Hebrajczyk�w,heb,Hbr,12,0,1,0,List-do-Hebrajczykow
17-12,17,Jb 13-14,Ksi�ga Joba,job,Jb,13,14,1,0,Ksiega-Joba
18-12,18,Prz 19,Przypowie�ci Salomona,proverbs,Prz,19,0,1,0,Przypowiesci-Salomona
18-12,18,Dz 2,Dzieje Apostolskie,act,Dz,2,0,1,0,Dzieje-Apostolskie
18-12,18,Jb 15-17,Ksi�ga Joba,job,Jb,15,17,1,0,Ksiega-Joba
19-12,19,Prz 20,Przypowie�ci Salomona,proverbs,Prz,20,0,1,0,Przypowiesci-Salomona
19-12,19,1Ko 11,Pierwszy list �w. Paw�a do Koryntian,1co,1Ko,11,0,1,0,1-list-do-Koryntian
19-12,19,Jb 18-19,Ksi�ga Joba,job,Jb,18,19,1,0,Ksiega-Joba
20-12,20,Prz 21,Przypowie�ci Salomona,proverbs,Prz,21,0,1,0,Przypowiesci-Salomona
20-12,20,1KO 12,Pierwszy list �w. Paw�a do Koryntian,1co,1Ko,12,0,1,0,1-list-do-Koryntian
20-12,20,Jb 20-21,Ksi�ga Joba,job,Jb,20,21,1,0,Ksiega-Joba
21-12,21,Prz 22,Przypowie�ci Salomona,proverbs,Prz,22,0,1,0,Przypowiesci-Salomona
21-12,21,1Ko 13,Pierwszy list �w. Paw�a do Koryntian,1co,1Ko,13,0,1,0,1-list-do-Koryntian
21-12,21,Jb 22-24,Ksi�ga Joba,job,Jb,22,24,1,0,Ksiega-Joba
22-12,22,Prz 23,Przypowie�ci Salomona,proverbs,Prz,23,0,1,0,Przypowiesci-Salomona
22-12,22,1Ko 14,Pierwszy list �w. Paw�a do Koryntian,1co,1Ko,14,0,1,0,1-list-do-Koryntian
22-12,22,Jb 25-26,Ksi�ga Joba,job,Jb,25,26,1,0,Ksiega-Joba
23-12,23,Prz 24,Przypowie�ci Salomona,proverbs,Prz,24,0,1,0,Przypowiesci-Salomona
23-12,23,1Ko 15,Pierwszy list �w. Paw�a do Koryntian,1co,1Ko,15,0,1,0,1-list-do-Koryntian
23-12,23,Jb 27-28,Ksi�ga Joba,job,Jb,27,28,1,0,Ksiega-Joba
24-12,24,Prz 25,Przypowie�ci Salomona,proverbs,Prz,25,0,1,0,Przypowiesci-Salomona
24-12,24,�k 1,Ewangelia �w. �ukasza,luk,�k,1,0,1,0,Ewangelia-Lukasza
24-12,24,Jb 29-31,Ksi�ga Joba,job,Jb,29,31,1,0,Ksiega-Joba
25-12,25,Prz 26,Przypowie�ci Salomona,proverbs,Prz,26,0,1,0,Przypowiesci-Salomona
25-12,25,�k 2,Ewangelia �w. �ukasza,luk,�k,2,0,1,0,Ewangelia-Lukasza
25-12,25,Jb 32-33,Ksi�ga Joba,job,Jb,32,33,1,0,Ksiega-Joba
26-12,26,Prz 27,Przypowie�ci Salomona,proverbs,Prz,27,0,1,0,Przypowiesci-Salomona
26-12,26,�k 3,Ewangelia �w. �ukasza,luk,�k,3,0,1,0,Ewangelia-Lukasza
26-12,26,Jb 34-35,Ksi�ga Joba,job,Jb,34,35,1,0,Ksiega-Joba
27-12,27,Prz 28,Przypowie�ci Salomona,proverbs,Prz,28,0,1,0,Przypowiesci-Salomona
27-12,27,�k4,Ewangelia �w. �ukasza,luk,�k,4,0,1,0,Ewangelia-Lukasza
27-12,27,Jb 36-37,Ksi�ga Joba,job,Jb,36,37,1,0,Ksiega-Joba
28-12,28,Prz 29,Przypowie�ci Salomona,proverbs,Prz,29,0,1,0,Przypowiesci-Salomona
28-12,28,Flp 1,List �w. Paw�a do Filipian,phi,Flp,1,0,1,0,List-do-Filipian
28-12,28,Jb 38-39,Ksi�ga Joba,job,Jb,38,39,1,0,Ksiega-Joba
29-12,29,Prz 30,Przypowie�ci Salomona,proverbs,Prz,30,0,1,0,Przypowiesci-Salomona
29-12,29,Flp 2,List �w. Paw�a do Filipian,phi,Flp,2,0,1,0,List-do-Filipian
29-12,29,Jb 40-41,Ksi�ga Joba,job,Jb,40,41,1,0,Ksiega-Joba
30-12,30,Prz 31,Przypowie�ci Salomona,proverbs,Prz,31,0,1,0,Przypowiesci-Salomona
30-12,30,Flp 3,List �w. Paw�a do Filipian,phi,Flp,3,0,1,0,List-do-Filipian
30-12,30,Jb 42,Ksi�ga Joba,job,Jb,42,0,1,0,Ksiega-Joba
31-12,31,Ps 91,Ksi�ga Psalm�w,psa,Ps,91,0,1,0,Ksiega-Psalmow
31-12,31,Flp 4,List �w. Paw�a do Filipian,phi,Flp,4,0,1,0,List-do-Filipian
31-12,31,Ps 111,Ksi�ga Psalm�w,psa,Ps,111,0,1,0,Ksiega-Psalmow
31-12,31,Ps 113,Ksi�ga Psalm�w,psa,Ps,113,0,1,0,Ksiega-Psalmow
